0,1,2,3,4,5,6,7,8,9,10,11,12,13,14,15,16,17,18
0.0,0.0,0.0,0.0,0.0,0.0,0.0,0.0,0.0,0.0,0.0,0.0,0.0,0.0,0.0,0.0,3.0,1.0,
0.0,0.0,0.0,0.0,0.0,0.0,0.0,0.0,0.0,0.0,0.0,0.0,0.0,0.0,0.0,0.0,1.0,1.0,
0.0,0.0,0.0,0.0,0.0,0.0,0.0,0.0,0.0,0.0,0.0,0.0,0.0,0.0,0.0,0.0,2.0,1.0,
0.0,0.0,0.0,0.0,0.0,0.0,0.0,0.0,0.0,0.0,0.0,0.0,0.0,0.0,0.0,0.0,0.0,1.0,
0.0,0.0,0.0,0.0,0.0,0.0,0.0,4.0,0.0,0.0,0.0,0.0,2.0,2.0,2.0,0.0,3.0,1.0,4.0
0.0,0.0,0.0,0.0,0.0,2.0,0.0,4.0,0.0,0.0,0.0,0.0,0.0,0.0,2.0,4.0,1.0,1.0,12.0
0.0,0.0,0.0,0.0,0.0,2.0,0.0,0.0,0.0,0.0,0.0,0.0,0.0,2.0,2.0,8.0,1.0,1.0,16.0
0.0,2.0,0.0,0.0,0.0,0.0,0.0,0.0,0.0,2.0,0.0,0.0,0.0,4.0,2.0,8.0,1.0,1.0,20.0
0.0,2.0,0.0,0.0,0.0,0.0,0.0,0.0,0.0,4.0,0.0,0.0,0.0,4.0,2.0,8.0,1.0,1.0,28.0
0.0,0.0,2.0,0.0,0.0,0.0,0.0,0.0,0.0,2.0,0.0,2.0,4.0,8.0,2.0,8.0,0.0,1.0,32.0
0.0,0.0,2.0,0.0,0.0,0.0,0.0,2.0,0.0,2.0,2.0,8.0,4.0,8.0,4.0,2.0,2.0,1.0,36.0
2.0,2.0,0.0,0.0,2.0,0.0,0.0,0.0,4.0,8.0,0.0,0.0,4.0,8.0,4.0,2.0,1.0,1.0,64.0
4.0,2.0,2.0,2.0,8.0,16.0,4.0,0.0,0.0,0.0,0.0,0.0,0.0,0.0,0.0,2.0,1.0,1.0,68.0
0.0,0.0,2.0,0.0,0.0,0.0,0.0,0.0,4.0,2.0,2.0,0.0,8.0,16.0,4.0,4.0,1.0,1.0,72.0
0.0,0.0,0.0,0.0,0.0,0.0,0.0,2.0,4.0,2.0,4.0,0.0,8.0,16.0,4.0,4.0,1.0,1.0,80.0
0.0,0.0,0.0,0.0,0.0,2.0,0.0,0.0,4.0,2.0,0.0,2.0,8.0,16.0,8.0,4.0,1.0,1.0,84.0
2.0,4.0,2.0,2.0,4.0,16.0,8.0,4.0,8.0,2.0,2.0,2.0,0.0,0.0,0.0,0.0,2.0,1.0,92.0
4.0,0.0,0.0,0.0,2.0,4.0,4.0,0.0,4.0,16.0,8.0,4.0,8.0,4.0,2.0,2.0,2.0,1.0,104.0
4.0,0.0,0.0,2.0,2.0,8.0,2.0,0.0,4.0,16.0,8.0,2.0,8.0,4.0,4.0,4.0,2.0,1.0,112.0
4.0,2.0,0.0,0.0,2.0,8.0,2.0,2.0,4.0,16.0,8.0,2.0,8.0,8.0,4.0,0.0,1.0,1.0,116.0
4.0,2.0,2.0,0.0,2.0,8.0,2.0,0.0,4.0,16.0,8.0,2.0,8.0,8.0,4.0,4.0,1.0,1.0,120.0
4.0,2.0,0.0,0.0,2.0,8.0,4.0,2.0,4.0,16.0,8.0,2.0,8.0,8.0,4.0,4.0,1.0,1.0,124.0
4.0,2.0,0.0,0.0,2.0,8.0,4.0,2.0,4.0,16.0,8.0,4.0,8.0,8.0,4.0,4.0,1.0,1.0,132.0
4.0,2.0,2.0,0.0,2.0,8.0,4.0,0.0,4.0,16.0,8.0,2.0,8.0,8.0,4.0,8.0,3.0,1.0,152.0
0.0,0.0,4.0,4.0,2.0,2.0,8.0,4.0,4.0,16.0,8.0,2.0,0.0,16.0,4.0,8.0,1.0,1.0,208.0
0.0,0.0,4.0,2.0,0.0,2.0,16.0,8.0,2.0,2.0,4.0,2.0,4.0,32.0,2.0,8.0,2.0,1.0,212.0
4.0,2.0,2.0,0.0,2.0,16.0,8.0,0.0,4.0,4.0,2.0,0.0,4.0,32.0,2.0,8.0,1.0,1.0,224.0
0.0,2.0,2.0,0.0,4.0,16.0,2.0,0.0,2.0,4.0,8.0,2.0,8.0,32.0,4.0,8.0,1.0,1.0,228.0
4.0,2.0,4.0,4.0,2.0,16.0,8.0,2.0,8.0,4.0,4.0,8.0,0.0,32.0,4.0,0.0,3.0,1.0,244.0
0.0,4.0,2.0,8.0,2.0,16.0,8.0,2.0,0.0,8.0,8.0,8.0,2.0,0.0,32.0,4.0,1.0,1.0,264.0
0.0,4.0,0.0,8.0,0.0,4.0,2.0,2.0,0.0,16.0,16.0,8.0,4.0,8.0,32.0,4.0,1.0,1.0,272.0
0.0,0.0,2.0,8.0,0.0,8.0,2.0,2.0,2.0,16.0,16.0,8.0,4.0,8.0,32.0,4.0,1.0,1.0,276.0
2.0,0.0,0.0,8.0,0.0,8.0,4.0,2.0,2.0,16.0,16.0,8.0,4.0,8.0,32.0,4.0,1.0,1.0,280.0
0.0,2.0,0.0,8.0,0.0,8.0,4.0,2.0,4.0,16.0,16.0,8.0,4.0,8.0,32.0,4.0,1.0,1.0,288.0
0.0,2.0,2.0,8.0,0.0,8.0,4.0,2.0,0.0,16.0,16.0,8.0,8.0,8.0,32.0,4.0,2.0,1.0,340.0
4.0,8.0,0.0,0.0,8.0,4.0,0.0,0.0,32.0,8.0,2.0,2.0,16.0,32.0,4.0,2.0,1.0,1.0,344.0
4.0,8.0,0.0,0.0,8.0,4.0,0.0,4.0,32.0,8.0,2.0,0.0,16.0,32.0,4.0,4.0,1.0,1.0,352.0
4.0,8.0,0.0,2.0,8.0,4.0,0.0,0.0,32.0,8.0,2.0,2.0,16.0,32.0,4.0,8.0,1.0,1.0,356.0
4.0,8.0,0.0,0.0,8.0,4.0,2.0,2.0,32.0,8.0,2.0,4.0,16.0,32.0,4.0,8.0,1.0,1.0,360.0
4.0,8.0,0.0,0.0,8.0,4.0,2.0,2.0,32.0,8.0,4.0,4.0,16.0,32.0,4.0,8.0,1.0,1.0,368.0
4.0,8.0,0.0,0.0,8.0,4.0,2.0,2.0,32.0,8.0,2.0,4.0,16.0,32.0,8.0,8.0,1.0,1.0,372.0
4.0,8.0,0.0,2.0,8.0,4.0,0.0,2.0,32.0,8.0,4.0,4.0,16.0,32.0,8.0,8.0,1.0,1.0,376.0
4.0,8.0,0.0,2.0,8.0,4.0,0.0,4.0,32.0,8.0,4.0,4.0,16.0,32.0,8.0,8.0,1.0,1.0,384.0
4.0,8.0,2.0,0.0,8.0,4.0,0.0,2.0,32.0,8.0,4.0,8.0,16.0,32.0,8.0,8.0,1.0,1.0,400.0
4.0,8.0,0.0,0.0,8.0,4.0,2.0,2.0,32.0,8.0,4.0,2.0,16.0,32.0,8.0,16.0,1.0,1.0,404.0
4.0,8.0,0.0,4.0,8.0,4.0,2.0,0.0,32.0,8.0,4.0,4.0,16.0,32.0,8.0,16.0,1.0,1.0,412.0
4.0,8.0,0.0,0.0,8.0,4.0,2.0,2.0,32.0,8.0,4.0,8.0,16.0,32.0,8.0,16.0,2.0,1.0,416.0
4.0,8.0,2.0,0.0,8.0,4.0,4.0,0.0,32.0,8.0,4.0,8.0,16.0,32.0,8.0,16.0,1.0,1.0,424.0
4.0,8.0,0.0,0.0,8.0,4.0,2.0,2.0,32.0,8.0,8.0,8.0,16.0,32.0,8.0,16.0,1.0,1.0,440.0
4.0,8.0,0.0,0.0,8.0,4.0,2.0,2.0,32.0,8.0,2.0,8.0,16.0,32.0,16.0,16.0,1.0,1.0,444.0
4.0,8.0,0.0,2.0,8.0,4.0,2.0,2.0,32.0,8.0,4.0,8.0,16.0,32.0,16.0,16.0,1.0,1.0,448.0
4.0,8.0,0.0,2.0,8.0,4.0,2.0,4.0,32.0,8.0,4.0,8.0,16.0,32.0,16.0,16.0,3.0,1.0,480.0
0.0,4.0,8.0,2.0,8.0,4.0,2.0,4.0,32.0,8.0,4.0,8.0,2.0,16.0,32.0,32.0,1.0,1.0,488.0
0.0,2.0,8.0,2.0,8.0,8.0,2.0,4.0,32.0,8.0,4.0,8.0,2.0,16.0,32.0,32.0,1.0,1.0,504.0
2.0,0.0,8.0,2.0,8.0,2.0,2.0,4.0,32.0,16.0,4.0,8.0,2.0,16.0,32.0,32.0,1.0,1.0,536.0
2.0,2.0,8.0,2.0,8.0,0.0,2.0,4.0,32.0,2.0,4.0,8.0,2.0,32.0,32.0,32.0,1.0,1.0,540.0
2.0,4.0,8.0,2.0,8.0,2.0,2.0,4.0,32.0,4.0,4.0,8.0,2.0,32.0,32.0,32.0,2.0,1.0,616.0
2.0,4.0,8.0,2.0,8.0,4.0,4.0,0.0,32.0,8.0,8.0,2.0,2.0,64.0,32.0,0.0,1.0,1.0,628.0
2.0,0.0,8.0,2.0,8.0,8.0,4.0,0.0,32.0,8.0,8.0,0.0,2.0,64.0,32.0,4.0,1.0,1.0,644.0
2.0,0.0,8.0,0.0,8.0,4.0,4.0,0.0,32.0,16.0,8.0,2.0,2.0,64.0,32.0,4.0,2.0,1.0,652.0
2.0,8.0,2.0,0.0,8.0,8.0,0.0,0.0,32.0,16.0,8.0,2.0,2.0,64.0,32.0,4.0,1.0,1.0,668.0
2.0,2.0,0.0,0.0,8.0,16.0,2.0,0.0,32.0,16.0,8.0,2.0,2.0,64.0,32.0,4.0,1.0,1.0,700.0
2.0,0.0,0.0,0.0,8.0,2.0,2.0,2.0,32.0,32.0,8.0,2.0,2.0,64.0,32.0,4.0,1.0,1.0,704.0
2.0,4.0,0.0,0.0,8.0,2.0,2.0,0.0,32.0,32.0,8.0,4.0,2.0,64.0,32.0,4.0,1.0,1.0,712.0
2.0,4.0,0.0,0.0,8.0,2.0,2.0,2.0,32.0,32.0,8.0,2.0,2.0,64.0,32.0,8.0,1.0,1.0,716.0
2.0,4.0,2.0,0.0,8.0,2.0,2.0,0.0,32.0,32.0,8.0,4.0,2.0,64.0,32.0,8.0,1.0,1.0,720.0
2.0,4.0,4.0,2.0,8.0,2.0,8.0,4.0,32.0,32.0,32.0,8.0,2.0,64.0,0.0,2.0,2.0,1.0,792.0
2.0,8.0,2.0,0.0,8.0,2.0,8.0,4.0,64.0,32.0,8.0,0.0,2.0,64.0,2.0,2.0,1.0,1.0,808.0
2.0,8.0,2.0,0.0,8.0,2.0,2.0,0.0,64.0,32.0,16.0,4.0,2.0,64.0,2.0,2.0,1.0,1.0,812.0
2.0,8.0,2.0,0.0,8.0,2.0,4.0,2.0,64.0,32.0,16.0,4.0,2.0,64.0,2.0,2.0,3.0,1.0,816.0
0.0,2.0,8.0,2.0,8.0,2.0,4.0,2.0,64.0,32.0,16.0,4.0,2.0,2.0,64.0,4.0,1.0,1.0,832.0
2.0,0.0,8.0,0.0,8.0,4.0,4.0,0.0,64.0,32.0,16.0,4.0,2.0,2.0,64.0,8.0,2.0,1.0,844.0
2.0,8.0,2.0,0.0,8.0,8.0,0.0,0.0,64.0,32.0,16.0,4.0,4.0,64.0,8.0,0.0,1.0,1.0,860.0
2.0,2.0,0.0,0.0,8.0,16.0,2.0,0.0,64.0,32.0,16.0,0.0,4.0,64.0,8.0,4.0,3.0,1.0,864.0
0.0,0.0,0.0,4.0,2.0,8.0,16.0,2.0,0.0,64.0,32.0,16.0,4.0,64.0,8.0,4.0,1.0,1.0,992.0
2.0,0.0,0.0,4.0,0.0,0.0,16.0,2.0,2.0,8.0,32.0,16.0,4.0,128.0,8.0,4.0,1.0,1.0,996.0
2.0,0.0,0.0,4.0,0.0,0.0,16.0,2.0,4.0,8.0,32.0,16.0,4.0,128.0,8.0,4.0,1.0,1.0,1004.0
2.0,8.0,2.0,4.0,4.0,128.0,16.0,2.0,2.0,8.0,32.0,16.0,4.0,4.0,8.0,4.0,2.0,1.0,1012.0
2.0,8.0,2.0,4.0,4.0,128.0,16.0,2.0,2.0,8.0,32.0,16.0,8.0,8.0,4.0,2.0,1.0,1.0,1028.0
2.0,2.0,2.0,4.0,4.0,8.0,16.0,2.0,2.0,128.0,32.0,16.0,8.0,16.0,4.0,2.0,2.0,1.0,1032.0
4.0,2.0,4.0,2.0,4.0,8.0,16.0,2.0,2.0,128.0,32.0,16.0,8.0,16.0,4.0,2.0,1.0,1.0,1044.0
2.0,2.0,4.0,0.0,8.0,8.0,16.0,4.0,2.0,128.0,32.0,16.0,8.0,16.0,4.0,2.0,2.0,1.0,1064.0
4.0,4.0,2.0,0.0,16.0,16.0,4.0,0.0,2.0,128.0,32.0,16.0,8.0,16.0,4.0,2.0,2.0,1.0,1104.0
8.0,2.0,2.0,2.0,32.0,4.0,32.0,16.0,2.0,128.0,4.0,2.0,8.0,16.0,0.0,2.0,1.0,1.0,1108.0
8.0,2.0,0.0,2.0,32.0,4.0,2.0,2.0,2.0,128.0,32.0,16.0,8.0,16.0,4.0,4.0,1.0,1.0,1112.0
8.0,2.0,0.0,4.0,32.0,4.0,2.0,4.0,2.0,128.0,32.0,16.0,8.0,16.0,4.0,4.0,1.0,1.0,1120.0
8.0,2.0,2.0,0.0,32.0,4.0,2.0,8.0,2.0,128.0,32.0,16.0,8.0,16.0,4.0,4.0,1.0,1.0,1124.0
8.0,2.0,2.0,8.0,32.0,4.0,4.0,16.0,2.0,128.0,32.0,4.0,8.0,16.0,4.0,2.0,2.0,1.0,1136.0
8.0,4.0,8.0,2.0,32.0,8.0,16.0,2.0,2.0,128.0,32.0,4.0,8.0,16.0,4.0,2.0,1.0,1.0,1140.0
8.0,4.0,8.0,2.0,32.0,8.0,16.0,4.0,2.0,128.0,32.0,4.0,8.0,16.0,4.0,2.0,1.0,1.0,1148.0
8.0,4.0,8.0,2.0,32.0,8.0,16.0,2.0,2.0,128.0,32.0,8.0,8.0,16.0,4.0,2.0,1.0,1.0,1152.0
8.0,4.0,8.0,4.0,32.0,8.0,16.0,4.0,2.0,128.0,32.0,8.0,8.0,16.0,4.0,2.0,1.0,1.0,1160.0
8.0,4.0,8.0,2.0,32.0,8.0,16.0,8.0,2.0,128.0,32.0,8.0,8.0,16.0,4.0,2.0,1.0,1.0,1176.0
8.0,4.0,8.0,2.0,32.0,8.0,16.0,2.0,2.0,128.0,32.0,16.0,8.0,16.0,4.0,2.0,1.0,1.0,1180.0
2.0,0.0,2.0,0.0,0.0,0.0,0.0,0.0,4.0,0.0,0.0,0.0,4.0,0.0,0.0,0.0,2.0,1.0,4.0
0.0,0.0,0.0,4.0,0.0,0.0,0.0,0.0,0.0,2.0,4.0,2.0,0.0,0.0,4.0,2.0,0.0,1.0,16.0
0.0,2.0,8.0,4.0,0.0,0.0,0.0,4.0,0.0,0.0,2.0,0.0,0.0,0.0,0.0,0.0,1.0,1.0,24.0
2.0,0.0,0.0,0.0,0.0,0.0,0.0,0.0,0.0,0.0,8.0,2.0,0.0,2.0,2.0,8.0,2.0,1.0,28.0
2.0,0.0,0.0,0.0,0.0,2.0,0.0,0.0,8.0,2.0,0.0,0.0,4.0,8.0,0.0,0.0,1.0,1.0,32.0
0.0,0.0,0.0,0.0,0.0,0.0,0.0,2.0,0.0,2.0,8.0,4.0,0.0,4.0,8.0,2.0,1.0,1.0,48.0
2.0,0.0,0.0,0.0,2.0,0.0,0.0,2.0,2.0,4.0,0.0,0.0,4.0,16.0,2.0,0.0,1.0,1.0,52.0
0.0,0.0,0.0,0.0,2.0,0.0,0.0,0.0,4.0,4.0,0.0,4.0,4.0,16.0,2.0,2.0,1.0,1.0,60.0
0.0,2.0,0.0,0.0,4.0,2.0,0.0,0.0,2.0,4.0,0.0,4.0,8.0,16.0,2.0,2.0,1.0,1.0,64.0
0.0,0.0,0.0,2.0,4.0,4.0,0.0,0.0,2.0,4.0,0.0,4.0,8.0,16.0,2.0,2.0,1.0,1.0,72.0
0.0,0.0,0.0,4.0,4.0,0.0,0.0,2.0,2.0,8.0,0.0,4.0,8.0,16.0,2.0,2.0,2.0,1.0,76.0
4.0,0.0,2.0,0.0,4.0,2.0,0.0,0.0,2.0,8.0,4.0,0.0,8.0,16.0,4.0,0.0,1.0,1.0,92.0
0.0,0.0,0.0,0.0,8.0,2.0,2.0,0.0,2.0,8.0,2.0,0.0,8.0,16.0,8.0,0.0,1.0,1.0,96.0
2.0,2.0,4.0,0.0,8.0,8.0,8.0,0.0,2.0,16.0,2.0,0.0,8.0,0.0,0.0,0.0,3.0,1.0,116.0
0.0,0.0,4.0,4.0,0.0,0.0,8.0,16.0,0.0,2.0,16.0,2.0,0.0,0.0,2.0,8.0,2.0,1.0,124.0
8.0,0.0,0.0,0.0,8.0,16.0,0.0,2.0,2.0,16.0,2.0,0.0,2.0,8.0,0.0,0.0,1.0,1.0,176.0
0.0,0.0,0.0,0.0,0.0,0.0,0.0,0.0,16.0,32.0,0.0,2.0,4.0,8.0,2.0,2.0,1.0,1.0,180.0
0.0,0.0,0.0,0.0,0.0,0.0,0.0,0.0,16.0,32.0,2.0,0.0,4.0,8.0,2.0,4.0,1.0,1.0,184.0
0.0,0.0,0.0,0.0,0.0,0.0,0.0,4.0,16.0,32.0,0.0,0.0,4.0,8.0,4.0,4.0,1.0,1.0,192.0
0.0,0.0,0.0,0.0,2.0,0.0,0.0,2.0,0.0,16.0,32.0,2.0,4.0,8.0,4.0,8.0,3.0,1.0,196.0
0.0,0.0,0.0,0.0,2.0,4.0,0.0,2.0,2.0,16.0,32.0,2.0,4.0,8.0,4.0,8.0,0.0,1.0,204.0
4.0,4.0,32.0,4.0,4.0,16.0,4.0,8.0,0.0,8.0,0.0,2.0,0.0,0.0,0.0,0.0,1.0,1.0,212.0
2.0,4.0,32.0,4.0,8.0,16.0,4.0,8.0,2.0,0.0,8.0,2.0,0.0,0.0,0.0,2.0,1.0,1.0,216.0
0.0,0.0,2.0,0.0,2.0,0.0,32.0,4.0,8.0,4.0,4.0,8.0,2.0,16.0,8.0,4.0,3.0,1.0,224.0
0.0,0.0,2.0,2.0,0.0,2.0,32.0,4.0,0.0,8.0,8.0,8.0,2.0,16.0,8.0,4.0,1.0,1.0,240.0
2.0,0.0,0.0,2.0,0.0,2.0,2.0,4.0,0.0,8.0,32.0,8.0,2.0,16.0,16.0,4.0,1.0,1.0,244.0
4.0,0.0,0.0,2.0,0.0,2.0,2.0,4.0,0.0,8.0,32.0,8.0,4.0,16.0,16.0,4.0,1.0,1.0,252.0
0.0,0.0,2.0,2.0,0.0,2.0,2.0,4.0,0.0,8.0,32.0,8.0,8.0,16.0,16.0,4.0,1.0,1.0,256.0
2.0,0.0,0.0,2.0,0.0,2.0,4.0,4.0,2.0,8.0,32.0,8.0,8.0,16.0,16.0,4.0,1.0,1.0,260.0
0.0,2.0,0.0,2.0,2.0,2.0,4.0,4.0,4.0,8.0,32.0,8.0,8.0,16.0,16.0,4.0,1.0,1.0,264.0
0.0,0.0,2.0,2.0,2.0,4.0,4.0,4.0,4.0,8.0,32.0,8.0,8.0,16.0,16.0,4.0,2.0,1.0,308.0
4.0,0.0,0.0,2.0,2.0,8.0,4.0,0.0,4.0,8.0,32.0,8.0,8.0,32.0,4.0,0.0,1.0,1.0,324.0
4.0,0.0,0.0,0.0,2.0,2.0,4.0,0.0,4.0,16.0,32.0,2.0,8.0,32.0,4.0,8.0,2.0,1.0,328.0
4.0,0.0,2.0,0.0,4.0,4.0,0.0,0.0,4.0,16.0,32.0,2.0,8.0,32.0,4.0,8.0,1.0,1.0,336.0
2.0,0.0,0.0,0.0,4.0,4.0,2.0,0.0,8.0,16.0,32.0,2.0,8.0,32.0,4.0,8.0,1.0,1.0,352.0
0.0,0.0,0.0,0.0,2.0,4.0,2.0,2.0,4.0,16.0,32.0,2.0,16.0,32.0,4.0,8.0,1.0,1.0,356.0
2.0,0.0,0.0,0.0,2.0,4.0,2.0,0.0,4.0,16.0,32.0,4.0,16.0,32.0,4.0,8.0,1.0,1.0,360.0
2.0,0.0,0.0,0.0,4.0,4.0,2.0,0.0,4.0,16.0,32.0,4.0,16.0,32.0,4.0,8.0,1.0,1.0,368.0
0.0,0.0,0.0,2.0,2.0,2.0,4.0,2.0,8.0,16.0,32.0,4.0,16.0,32.0,4.0,8.0,2.0,1.0,372.0
2.0,0.0,0.0,0.0,4.0,4.0,2.0,4.0,8.0,16.0,32.0,4.0,16.0,32.0,4.0,8.0,1.0,1.0,380.0
2.0,0.0,0.0,2.0,4.0,4.0,2.0,0.0,8.0,16.0,32.0,8.0,16.0,32.0,4.0,8.0,1.0,1.0,396.0
2.0,0.0,2.0,0.0,4.0,4.0,2.0,0.0,8.0,16.0,32.0,2.0,16.0,32.0,4.0,16.0,1.0,1.0,400.0
2.0,0.0,0.0,0.0,4.0,4.0,4.0,2.0,8.0,16.0,32.0,2.0,16.0,32.0,4.0,16.0,1.0,1.0,404.0
2.0,0.0,0.0,0.0,4.0,4.0,4.0,2.0,8.0,16.0,32.0,4.0,16.0,32.0,4.0,16.0,3.0,1.0,412.0
2.0,0.0,0.0,2.0,0.0,4.0,8.0,2.0,8.0,16.0,32.0,4.0,16.0,32.0,4.0,16.0,1.0,1.0,416.0
4.0,0.0,0.0,0.0,2.0,4.0,8.0,4.0,8.0,16.0,32.0,4.0,16.0,32.0,4.0,16.0,1.0,1.0,424.0
4.0,4.0,0.0,0.0,2.0,4.0,8.0,2.0,8.0,16.0,32.0,8.0,16.0,32.0,4.0,16.0,1.0,1.0,432.0
4.0,8.0,8.0,4.0,2.0,16.0,32.0,2.0,8.0,32.0,4.0,8.0,16.0,0.0,4.0,16.0,1.0,1.0,440.0
4.0,2.0,0.0,4.0,2.0,8.0,8.0,2.0,8.0,16.0,32.0,8.0,16.0,32.0,8.0,16.0,2.0,1.0,456.0
4.0,2.0,4.0,2.0,2.0,16.0,2.0,0.0,8.0,16.0,32.0,8.0,16.0,32.0,8.0,16.0,1.0,1.0,488.0
4.0,2.0,4.0,0.0,2.0,2.0,2.0,2.0,8.0,32.0,32.0,8.0,16.0,32.0,8.0,16.0,1.0,1.0,556.0
4.0,2.0,4.0,0.0,2.0,2.0,2.0,2.0,8.0,4.0,32.0,8.0,16.0,64.0,8.0,16.0,1.0,1.0,560.0
4.0,0.0,4.0,2.0,2.0,4.0,2.0,2.0,8.0,4.0,32.0,8.0,16.0,64.0,8.0,16.0,1.0,1.0,572.0
0.0,2.0,0.0,0.0,0.0,0.0,0.0,0.0,0.0,2.0,0.0,0.0,0.0,0.0,0.0,0.0,1.0,1.0,4.0
0.0,0.0,0.0,2.0,0.0,0.0,0.0,0.0,2.0,0.0,0.0,0.0,0.0,2.0,4.0,2.0,0.0,1.0,8.0
2.0,2.0,4.0,4.0,0.0,0.0,0.0,0.0,0.0,0.0,0.0,0.0,2.0,0.0,0.0,0.0,2.0,1.0,20.0
0.0,0.0,0.0,0.0,0.0,0.0,0.0,0.0,0.0,0.0,4.0,2.0,2.0,2.0,8.0,2.0,1.0,1.0,24.0
0.0,0.0,0.0,0.0,2.0,0.0,0.0,0.0,0.0,0.0,4.0,0.0,2.0,2.0,8.0,4.0,1.0,1.0,28.0
2.0,0.0,0.0,0.0,0.0,0.0,0.0,0.0,4.0,0.0,0.0,2.0,4.0,2.0,8.0,4.0,1.0,1.0,36.0
0.0,0.0,2.0,0.0,0.0,0.0,0.0,0.0,2.0,0.0,0.0,2.0,8.0,2.0,8.0,4.0,2.0,1.0,40.0
2.0,0.0,0.0,2.0,0.0,0.0,0.0,0.0,4.0,0.0,0.0,0.0,8.0,2.0,8.0,4.0,2.0,1.0,44.0
4.0,0.0,2.0,0.0,0.0,0.0,0.0,0.0,4.0,0.0,0.0,0.0,8.0,2.0,8.0,4.0,1.0,1.0,52.0
0.0,0.0,0.0,0.0,0.0,0.0,0.0,0.0,8.0,0.0,2.0,2.0,8.0,2.0,8.0,4.0,2.0,1.0,56.0
0.0,0.0,0.0,0.0,0.0,2.0,0.0,0.0,8.0,4.0,0.0,0.0,8.0,2.0,8.0,4.0,1.0,1.0,72.0
0.0,0.0,0.0,0.0,0.0,0.0,4.0,2.0,0.0,2.0,4.0,2.0,16.0,2.0,8.0,4.0,0.0,1.0,88.0
16.0,4.0,8.0,4.0,0.0,0.0,8.0,4.0,0.0,2.0,0.0,0.0,0.0,0.0,0.0,0.0,1.0,1.0,112.0
2.0,0.0,0.0,0.0,2.0,2.0,0.0,0.0,2.0,4.0,2.0,0.0,16.0,2.0,16.0,8.0,2.0,1.0,116.0
2.0,0.0,0.0,0.0,4.0,0.0,2.0,0.0,2.0,4.0,2.0,0.0,16.0,2.0,16.0,8.0,1.0,1.0,120.0
2.0,0.0,0.0,0.0,4.0,0.0,0.0,2.0,2.0,4.0,4.0,2.0,16.0,2.0,16.0,8.0,1.0,1.0,124.0
2.0,0.0,0.0,0.0,4.0,0.0,2.0,2.0,2.0,4.0,4.0,4.0,16.0,2.0,16.0,8.0,2.0,1.0,136.0
2.0,4.0,0.0,0.0,4.0,4.0,0.0,0.0,2.0,8.0,4.0,0.0,16.0,2.0,16.0,8.0,1.0,1.0,144.0
2.0,0.0,0.0,0.0,4.0,8.0,2.0,0.0,2.0,8.0,4.0,0.0,16.0,2.0,16.0,8.0,1.0,1.0,160.0
2.0,2.0,2.0,8.0,4.0,16.0,4.0,0.0,2.0,2.0,16.0,0.0,16.0,2.0,0.0,0.0,1.0,1.0,164.0
2.0,0.0,0.0,0.0,4.0,2.0,2.0,0.0,2.0,16.0,4.0,2.0,16.0,4.0,16.0,8.0,2.0,1.0,168.0
2.0,0.0,2.0,0.0,4.0,4.0,2.0,0.0,2.0,16.0,4.0,2.0,16.0,4.0,16.0,8.0,1.0,1.0,172.0
2.0,0.0,0.0,2.0,4.0,4.0,4.0,0.0,2.0,16.0,4.0,2.0,16.0,4.0,16.0,8.0,1.0,1.0,184.0
2.0,2.0,0.0,0.0,4.0,4.0,0.0,0.0,2.0,16.0,8.0,4.0,16.0,4.0,16.0,8.0,3.0,1.0,196.0
4.0,0.0,2.0,0.0,2.0,8.0,0.0,0.0,2.0,16.0,8.0,4.0,16.0,4.0,16.0,8.0,1.0,1.0,200.0
0.0,4.0,0.0,0.0,4.0,8.0,2.0,0.0,4.0,16.0,8.0,4.0,16.0,4.0,16.0,8.0,1.0,1.0,208.0
0.0,4.0,0.0,0.0,0.0,8.0,2.0,2.0,8.0,16.0,8.0,4.0,16.0,4.0,16.0,8.0,3.0,1.0,212.0
0.0,0.0,0.0,4.0,0.0,4.0,8.0,4.0,8.0,16.0,8.0,4.0,16.0,4.0,16.0,8.0,1.0,1.0,236.0
0.0,2.0,0.0,0.0,0.0,4.0,0.0,4.0,8.0,16.0,16.0,8.0,16.0,4.0,16.0,8.0,1.0,1.0,284.0
0.0,2.0,0.0,0.0,0.0,4.0,2.0,0.0,8.0,16.0,2.0,4.0,16.0,4.0,32.0,16.0,1.0,1.0,288.0
0.0,2.0,0.0,0.0,2.0,4.0,2.0,0.0,8.0,16.0,4.0,4.0,16.0,4.0,32.0,16.0,2.0,1.0,296.0
2.0,0.0,0.0,2.0,2.0,4.0,2.0,0.0,8.0,16.0,8.0,0.0,16.0,4.0,32.0,16.0,1.0,1.0,300.0
4.0,2.0,2.0,2.0,8.0,4.0,8.0,16.0,16.0,16.0,32.0,0.0,2.0,4.0,0.0,0.0,2.0,1.0,336.0
4.0,4.0,2.0,0.0,8.0,4.0,8.0,16.0,32.0,32.0,2.0,0.0,2.0,4.0,0.0,0.0,1.0,1.0,344.0
4.0,0.0,2.0,0.0,8.0,8.0,2.0,0.0,32.0,32.0,8.0,2.0,2.0,4.0,2.0,16.0,1.0,1.0,348.0
4.0,0.0,0.0,0.0,8.0,8.0,4.0,2.0,32.0,32.0,8.0,2.0,2.0,4.0,2.0,16.0,2.0,1.0,428.0
4.0,0.0,0.0,2.0,16.0,4.0,2.0,0.0,64.0,8.0,2.0,0.0,2.0,4.0,2.0,16.0,1.0,1.0,432.0
4.0,2.0,0.0,0.0,16.0,4.0,0.0,0.0,64.0,8.0,2.0,2.0,2.0,4.0,4.0,16.0,3.0,1.0,444.0
2.0,4.0,2.0,0.0,16.0,4.0,0.0,2.0,64.0,8.0,4.0,0.0,2.0,8.0,16.0,0.0,1.0,1.0,468.0
2.0,0.0,0.0,0.0,16.0,0.0,2.0,2.0,64.0,8.0,4.0,0.0,2.0,16.0,16.0,2.0,1.0,1.0,472.0
2.0,0.0,0.0,4.0,16.0,2.0,2.0,0.0,64.0,8.0,4.0,0.0,2.0,16.0,16.0,4.0,1.0,1.0,480.0
2.0,0.0,0.0,0.0,16.0,2.0,2.0,4.0,64.0,8.0,4.0,2.0,2.0,16.0,16.0,8.0,2.0,1.0,516.0
2.0,0.0,2.0,0.0,16.0,4.0,4.0,0.0,64.0,8.0,4.0,2.0,2.0,32.0,8.0,0.0,1.0,1.0,524.0
2.0,0.0,0.0,2.0,16.0,4.0,2.0,0.0,64.0,8.0,8.0,0.0,2.0,32.0,8.0,2.0,1.0,1.0,544.0
2.0,0.0,0.0,0.0,16.0,4.0,0.0,0.0,64.0,8.0,2.0,2.0,2.0,32.0,16.0,4.0,2.0,1.0,548.0
4.0,2.0,0.0,0.0,16.0,4.0,2.0,2.0,64.0,8.0,4.0,2.0,2.0,32.0,16.0,4.0,3.0,1.0,552.0
0.0,2.0,4.0,2.0,0.0,16.0,4.0,4.0,64.0,8.0,4.0,2.0,2.0,32.0,16.0,4.0,1.0,1.0,560.0
64.0,2.0,2.0,2.0,2.0,16.0,4.0,4.0,0.0,8.0,8.0,2.0,2.0,32.0,16.0,4.0,0.0,1.0,564.0
2.0,2.0,2.0,2.0,64.0,16.0,4.0,4.0,4.0,8.0,8.0,2.0,2.0,32.0,16.0,4.0,2.0,1.0,596.0
4.0,4.0,4.0,0.0,64.0,16.0,8.0,0.0,4.0,16.0,2.0,0.0,2.0,32.0,16.0,4.0,1.0,1.0,628.0
4.0,0.0,4.0,0.0,64.0,4.0,8.0,2.0,4.0,32.0,2.0,0.0,2.0,32.0,16.0,4.0,1.0,1.0,692.0
4.0,2.0,4.0,0.0,64.0,2.0,8.0,0.0,4.0,4.0,2.0,2.0,2.0,64.0,16.0,4.0,1.0,1.0,696.0
4.0,0.0,4.0,0.0,64.0,4.0,8.0,2.0,4.0,4.0,2.0,2.0,2.0,64.0,16.0,4.0,1.0,1.0,708.0
4.0,0.0,4.0,2.0,64.0,0.0,8.0,0.0,4.0,8.0,2.0,4.0,2.0,64.0,16.0,4.0,1.0,1.0,716.0
4.0,0.0,4.0,0.0,64.0,0.0,8.0,2.0,4.0,8.0,2.0,2.0,2.0,64.0,16.0,8.0,1.0,1.0,720.0
4.0,0.0,4.0,0.0,64.0,0.0,8.0,4.0,4.0,8.0,2.0,4.0,2.0,64.0,16.0,8.0,3.0,1.0,728.0
0.0,0.0,0.0,8.0,2.0,64.0,8.0,4.0,4.0,8.0,2.0,4.0,2.0,64.0,16.0,8.0,1.0,1.0,736.0
0.0,2.0,0.0,0.0,2.0,64.0,8.0,8.0,4.0,8.0,2.0,8.0,2.0,64.0,16.0,8.0,1.0,1.0,752.0
0.0,2.0,0.0,0.0,2.0,64.0,8.0,4.0,4.0,8.0,2.0,8.0,2.0,64.0,16.0,16.0,2.0,1.0,784.0
2.0,2.0,0.0,0.0,2.0,64.0,8.0,4.0,4.0,8.0,2.0,8.0,2.0,64.0,32.0,0.0,2.0,1.0,788.0
0.0,0.0,2.0,4.0,2.0,64.0,8.0,4.0,4.0,8.0,2.0,8.0,2.0,64.0,32.0,2.0,1.0,1.0,796.0
2.0,0.0,2.0,0.0,2.0,64.0,8.0,8.0,4.0,8.0,2.0,8.0,2.0,64.0,32.0,2.0,1.0,1.0,816.0
0.0,0.0,2.0,2.0,4.0,64.0,8.0,0.0,4.0,8.0,2.0,16.0,2.0,64.0,32.0,2.0,1.0,1.0,824.0
0.0,0.0,2.0,0.0,2.0,64.0,8.0,2.0,8.0,8.0,2.0,16.0,2.0,64.0,32.0,2.0,2.0,1.0,840.0
2.0,0.0,0.0,0.0,2.0,64.0,8.0,2.0,16.0,2.0,16.0,2.0,2.0,64.0,32.0,2.0,1.0,1.0,848.0
0.0,0.0,0.0,0.0,4.0,64.0,8.0,2.0,16.0,2.0,16.0,2.0,2.0,64.0,32.0,4.0,1.0,1.0,852.0
0.0,2.0,0.0,0.0,4.0,64.0,8.0,0.0,16.0,2.0,16.0,4.0,2.0,64.0,32.0,4.0,1.0,1.0,860.0
2.0,0.0,0.0,2.0,2.0,4.0,64.0,8.0,16.0,2.0,16.0,2.0,2.0,64.0,32.0,8.0,0.0,1.0,864.0
4.0,4.0,64.0,2.0,16.0,2.0,16.0,8.0,2.0,64.0,32.0,2.0,2.0,0.0,0.0,8.0,1.0,1.0,868.0
4.0,0.0,0.0,2.0,4.0,4.0,64.0,8.0,16.0,2.0,16.0,2.0,4.0,64.0,32.0,8.0,1.0,1.0,876.0
0.0,2.0,0.0,2.0,8.0,4.0,64.0,8.0,16.0,2.0,16.0,2.0,4.0,64.0,32.0,8.0,2.0,1.0,880.0
2.0,2.0,2.0,4.0,0.0,0.0,0.0,0.0,0.0,0.0,0.0,0.0,0.0,0.0,2.0,0.0,2.0,1.0,4.0
4.0,2.0,4.0,0.0,2.0,0.0,0.0,0.0,0.0,0.0,0.0,0.0,2.0,0.0,0.0,0.0,1.0,1.0,8.0
0.0,0.0,0.0,0.0,0.0,0.0,0.0,0.0,4.0,2.0,0.0,2.0,4.0,2.0,4.0,0.0,1.0,1.0,20.0
0.0,0.0,0.0,4.0,0.0,0.0,0.0,0.0,0.0,0.0,0.0,0.0,8.0,4.0,4.0,2.0,2.0,1.0,28.0
0.0,0.0,0.0,0.0,4.0,0.0,0.0,0.0,2.0,0.0,2.0,0.0,8.0,8.0,2.0,0.0,1.0,1.0,32.0
0.0,0.0,0.0,0.0,4.0,0.0,0.0,0.0,2.0,0.0,0.0,0.0,8.0,8.0,4.0,2.0,3.0,1.0,48.0
0.0,0.0,0.0,0.0,4.0,0.0,0.0,2.0,2.0,0.0,0.0,0.0,4.0,16.0,4.0,2.0,1.0,1.0,52.0
4.0,2.0,4.0,2.0,2.0,16.0,0.0,4.0,4.0,2.0,0.0,0.0,0.0,2.0,0.0,0.0,0.0,1.0,56.0
0.0,2.0,0.0,0.0,4.0,16.0,2.0,0.0,2.0,4.0,2.0,2.0,4.0,2.0,4.0,4.0,2.0,1.0,68.0
2.0,0.0,2.0,0.0,4.0,16.0,2.0,0.0,2.0,4.0,4.0,0.0,4.0,2.0,8.0,0.0,1.0,1.0,72.0
2.0,0.0,2.0,0.0,4.0,16.0,4.0,0.0,2.0,4.0,4.0,0.0,4.0,2.0,8.0,0.0,1.0,1.0,80.0
2.0,0.0,0.0,0.0,4.0,16.0,2.0,2.0,2.0,4.0,8.0,0.0,4.0,2.0,8.0,0.0,1.0,1.0,96.0
2.0,2.0,2.0,2.0,4.0,16.0,16.0,0.0,2.0,4.0,2.0,0.0,4.0,2.0,0.0,0.0,3.0,1.0,136.0
0.0,2.0,4.0,4.0,0.0,0.0,4.0,32.0,0.0,2.0,4.0,2.0,0.0,0.0,4.0,2.0,2.0,1.0,144.0
2.0,8.0,0.0,0.0,4.0,32.0,2.0,0.0,2.0,4.0,2.0,0.0,4.0,2.0,0.0,0.0,1.0,1.0,148.0
2.0,8.0,4.0,2.0,4.0,32.0,0.0,0.0,2.0,4.0,0.0,0.0,4.0,2.0,2.0,0.0,2.0,1.0,152.0
2.0,8.0,4.0,2.0,4.0,32.0,0.0,0.0,2.0,4.0,0.0,0.0,4.0,4.0,2.0,0.0,1.0,1.0,160.0
2.0,8.0,2.0,2.0,4.0,32.0,4.0,0.0,2.0,8.0,2.0,2.0,4.0,0.0,0.0,0.0,2.0,1.0,168.0
2.0,8.0,4.0,0.0,4.0,32.0,4.0,0.0,2.0,8.0,4.0,2.0,4.0,0.0,0.0,0.0,1.0,1.0,176.0
2.0,0.0,0.0,2.0,4.0,8.0,0.0,0.0,2.0,32.0,4.0,0.0,4.0,8.0,8.0,2.0,1.0,1.0,180.0
2.0,8.0,2.0,2.0,4.0,32.0,4.0,4.0,2.0,8.0,8.0,2.0,4.0,0.0,0.0,0.0,3.0,1.0,208.0
2.0,2.0,8.0,4.0,0.0,4.0,32.0,8.0,0.0,2.0,16.0,2.0,0.0,0.0,0.0,4.0,2.0,1.0,212.0
4.0,8.0,4.0,0.0,4.0,32.0,8.0,0.0,2.0,16.0,2.0,0.0,4.0,2.0,0.0,0.0,1.0,1.0,220.0
0.0,8.0,0.0,0.0,8.0,32.0,4.0,0.0,2.0,16.0,8.0,2.0,4.0,2.0,2.0,2.0,1.0,1.0,224.0
0.0,8.0,0.0,0.0,8.0,32.0,4.0,0.0,2.0,16.0,8.0,2.0,4.0,2.0,2.0,4.0,2.0,1.0,228.0
8.0,0.0,0.0,2.0,8.0,32.0,4.0,0.0,2.0,16.0,8.0,2.0,4.0,4.0,4.0,0.0,1.0,1.0,248.0
16.0,32.0,2.0,4.0,2.0,16.0,4.0,0.0,4.0,4.0,8.0,0.0,0.0,0.0,4.0,2.0,2.0,1.0,256.0
16.0,32.0,2.0,0.0,2.0,16.0,0.0,0.0,8.0,8.0,2.0,4.0,4.0,2.0,4.0,2.0,1.0,1.0,260.0
16.0,32.0,0.0,2.0,2.0,16.0,0.0,0.0,8.0,8.0,4.0,4.0,4.0,2.0,4.0,2.0,1.0,1.0,268.0
16.0,32.0,0.0,0.0,2.0,16.0,2.0,2.0,8.0,8.0,2.0,4.0,4.0,2.0,8.0,2.0,1.0,1.0,272.0
16.0,32.0,0.0,2.0,2.0,16.0,0.0,2.0,8.0,8.0,4.0,4.0,4.0,2.0,8.0,2.0,1.0,1.0,276.0
16.0,32.0,0.0,0.0,2.0,16.0,2.0,4.0,8.0,8.0,4.0,4.0,4.0,2.0,8.0,2.0,1.0,1.0,284.0
16.0,32.0,0.0,0.0,2.0,16.0,2.0,2.0,8.0,8.0,4.0,8.0,4.0,2.0,8.0,2.0,2.0,1.0,304.0
16.0,32.0,0.0,0.0,2.0,16.0,4.0,0.0,16.0,4.0,8.0,2.0,4.0,2.0,8.0,2.0,1.0,1.0,324.0
16.0,32.0,0.0,0.0,2.0,16.0,2.0,0.0,16.0,4.0,4.0,2.0,4.0,2.0,16.0,4.0,2.0,1.0,332.0
16.0,32.0,0.0,0.0,2.0,16.0,2.0,2.0,16.0,8.0,2.0,0.0,4.0,2.0,16.0,4.0,1.0,1.0,336.0
16.0,32.0,0.0,0.0,2.0,16.0,0.0,2.0,16.0,8.0,4.0,2.0,4.0,2.0,16.0,4.0,1.0,1.0,340.0
16.0,32.0,2.0,0.0,2.0,16.0,0.0,0.0,16.0,8.0,4.0,4.0,4.0,2.0,16.0,4.0,1.0,1.0,348.0
16.0,32.0,0.0,0.0,2.0,16.0,2.0,2.0,16.0,8.0,4.0,2.0,4.0,2.0,16.0,8.0,1.0,1.0,352.0
16.0,32.0,2.0,2.0,2.0,16.0,2.0,4.0,16.0,8.0,4.0,8.0,4.0,2.0,16.0,2.0,1.0,1.0,356.0
16.0,32.0,2.0,2.0,2.0,16.0,4.0,4.0,16.0,8.0,4.0,8.0,4.0,2.0,16.0,2.0,1.0,1.0,364.0
16.0,32.0,2.0,2.0,2.0,16.0,2.0,4.0,16.0,8.0,8.0,8.0,4.0,2.0,16.0,2.0,1.0,1.0,368.0
16.0,32.0,2.0,2.0,2.0,16.0,4.0,4.0,16.0,8.0,8.0,8.0,4.0,2.0,16.0,2.0,3.0,1.0,396.0
2.0,16.0,32.0,4.0,2.0,2.0,16.0,8.0,4.0,16.0,8.0,16.0,2.0,2.0,16.0,2.0,0.0,1.0,400.0
4.0,16.0,32.0,4.0,4.0,2.0,16.0,8.0,2.0,16.0,8.0,16.0,4.0,2.0,16.0,2.0,1.0,1.0,408.0
0.0,0.0,0.0,4.0,0.0,0.0,0.0,2.0,0.0,0.0,0.0,2.0,0.0,0.0,0.0,0.0,1.0,1.0,4.0
0.0,2.0,0.0,0.0,0.0,0.0,0.0,0.0,0.0,0.0,0.0,4.0,0.0,0.0,0.0,4.0,1.0,1.0,12.0
0.0,2.0,0.0,2.0,0.0,0.0,0.0,0.0,0.0,0.0,0.0,2.0,0.0,2.0,4.0,8.0,0.0,1.0,20.0
0.0,0.0,4.0,0.0,0.0,0.0,0.0,0.0,0.0,4.0,0.0,4.0,0.0,2.0,4.0,8.0,1.0,1.0,28.0
2.0,0.0,0.0,0.0,0.0,0.0,0.0,0.0,0.0,4.0,2.0,4.0,2.0,2.0,8.0,8.0,0.0,1.0,32.0
4.0,4.0,2.0,4.0,0.0,2.0,8.0,8.0,0.0,0.0,2.0,0.0,0.0,0.0,0.0,0.0,2.0,1.0,56.0
8.0,2.0,4.0,0.0,2.0,16.0,0.0,0.0,2.0,0.0,2.0,0.0,0.0,0.0,0.0,0.0,1.0,1.0,60.0
0.0,0.0,0.0,0.0,0.0,2.0,0.0,0.0,8.0,2.0,4.0,0.0,4.0,16.0,2.0,2.0,1.0,1.0,64.0
0.0,0.0,0.0,0.0,0.0,0.0,0.0,0.0,8.0,4.0,4.0,2.0,4.0,16.0,2.0,2.0,1.0,1.0,68.0
0.0,2.0,0.0,0.0,0.0,2.0,0.0,0.0,8.0,4.0,4.0,2.0,4.0,16.0,2.0,4.0,1.0,1.0,72.0
0.0,0.0,0.0,2.0,0.0,4.0,0.0,0.0,8.0,4.0,4.0,2.0,4.0,16.0,2.0,4.0,1.0,1.0,84.0
2.0,0.0,0.0,0.0,0.0,0.0,0.0,0.0,8.0,8.0,4.0,4.0,4.0,16.0,2.0,4.0,1.0,1.0,92.0
2.0,8.0,2.0,2.0,8.0,16.0,4.0,8.0,4.0,0.0,2.0,0.0,0.0,0.0,0.0,2.0,3.0,1.0,96.0
0.0,2.0,8.0,4.0,8.0,16.0,4.0,8.0,2.0,0.0,4.0,2.0,0.0,0.0,0.0,2.0,1.0,1.0,108.0
0.0,0.0,0.0,0.0,0.0,2.0,0.0,4.0,8.0,2.0,8.0,8.0,2.0,16.0,8.0,4.0,1.0,1.0,128.0
0.0,2.0,0.0,0.0,0.0,2.0,0.0,4.0,8.0,4.0,2.0,8.0,2.0,16.0,16.0,4.0,0.0,1.0,132.0
8.0,4.0,2.0,4.0,2.0,4.0,16.0,8.0,0.0,16.0,2.0,4.0,0.0,0.0,0.0,0.0,1.0,1.0,140.0
0.0,0.0,0.0,2.0,0.0,0.0,2.0,4.0,8.0,8.0,16.0,8.0,2.0,16.0,2.0,4.0,3.0,1.0,156.0
2.0,0.0,0.0,2.0,0.0,0.0,2.0,4.0,0.0,16.0,16.0,8.0,2.0,16.0,2.0,4.0,1.0,1.0,192.0
0.0,0.0,0.0,2.0,2.0,0.0,2.0,4.0,2.0,0.0,16.0,8.0,4.0,32.0,2.0,4.0,1.0,1.0,196.0
4.0,2.0,0.0,0.0,2.0,4.0,0.0,2.0,4.0,16.0,8.0,0.0,4.0,32.0,2.0,4.0,1.0,1.0,204.0
0.0,2.0,0.0,4.0,4.0,4.0,4.0,4.0,2.0,16.0,8.0,2.0,8.0,32.0,2.0,4.0,3.0,1.0,220.0
2.0,0.0,2.0,4.0,0.0,0.0,8.0,8.0,2.0,16.0,8.0,2.0,8.0,32.0,2.0,4.0,1.0,1.0,240.0
0.0,0.0,2.0,4.0,0.0,0.0,2.0,8.0,4.0,16.0,16.0,2.0,8.0,32.0,2.0,4.0,1.0,1.0,244.0
0.0,0.0,0.0,4.0,2.0,2.0,4.0,8.0,4.0,16.0,16.0,2.0,8.0,32.0,2.0,4.0,3.0,1.0,280.0
0.0,2.0,0.0,4.0,0.0,4.0,4.0,8.0,0.0,4.0,32.0,2.0,8.0,32.0,2.0,4.0,1.0,1.0,288.0
0.0,0.0,0.0,4.0,2.0,2.0,4.0,8.0,2.0,8.0,32.0,2.0,8.0,32.0,2.0,4.0,1.0,1.0,292.0
0.0,0.0,0.0,4.0,2.0,2.0,4.0,8.0,4.0,8.0,32.0,2.0,8.0,32.0,2.0,4.0,3.0,1.0,296.0
4.0,2.0,4.0,4.0,8.0,4.0,32.0,8.0,4.0,8.0,2.0,2.0,0.0,32.0,0.0,4.0,2.0,1.0,308.0
4.0,2.0,0.0,0.0,8.0,4.0,8.0,2.0,4.0,8.0,32.0,2.0,32.0,4.0,4.0,8.0,1.0,1.0,312.0
4.0,2.0,0.0,4.0,8.0,4.0,8.0,0.0,4.0,8.0,32.0,4.0,32.0,4.0,4.0,8.0,1.0,1.0,320.0
4.0,2.0,2.0,0.0,8.0,4.0,8.0,0.0,4.0,8.0,32.0,8.0,32.0,4.0,4.0,8.0,1.0,1.0,336.0
4.0,2.0,2.0,0.0,8.0,4.0,8.0,2.0,4.0,8.0,32.0,2.0,32.0,4.0,4.0,16.0,1.0,1.0,340.0
4.0,2.0,2.0,2.0,8.0,4.0,8.0,2.0,4.0,8.0,32.0,4.0,32.0,4.0,4.0,16.0,1.0,1.0,344.0
4.0,2.0,2.0,2.0,8.0,4.0,8.0,4.0,4.0,8.0,32.0,4.0,32.0,4.0,4.0,16.0,1.0,1.0,352.0
4.0,2.0,2.0,2.0,8.0,4.0,8.0,2.0,4.0,8.0,32.0,8.0,32.0,4.0,4.0,16.0,1.0,1.0,356.0
4.0,2.0,2.0,2.0,8.0,4.0,8.0,4.0,4.0,8.0,32.0,8.0,32.0,4.0,4.0,16.0,3.0,1.0,368.0
0.0,4.0,2.0,4.0,8.0,4.0,8.0,4.0,4.0,8.0,32.0,8.0,2.0,32.0,8.0,16.0,1.0,1.0,384.0
2.0,0.0,2.0,0.0,8.0,8.0,8.0,8.0,4.0,8.0,32.0,8.0,2.0,32.0,8.0,16.0,1.0,1.0,416.0
2.0,2.0,2.0,0.0,8.0,0.0,8.0,0.0,4.0,16.0,32.0,16.0,2.0,32.0,8.0,16.0,1.0,1.0,448.0
2.0,2.0,2.0,0.0,8.0,2.0,8.0,0.0,4.0,16.0,32.0,0.0,2.0,32.0,8.0,32.0,1.0,1.0,452.0
2.0,2.0,2.0,0.0,8.0,4.0,8.0,0.0,4.0,16.0,32.0,0.0,2.0,32.0,8.0,32.0,2.0,1.0,456.0
4.0,2.0,2.0,0.0,8.0,4.0,8.0,0.0,4.0,16.0,32.0,4.0,2.0,32.0,8.0,32.0,2.0,1.0,460.0
4.0,4.0,0.0,2.0,8.0,4.0,8.0,0.0,4.0,16.0,32.0,4.0,2.0,32.0,8.0,32.0,1.0,1.0,468.0
4.0,2.0,0.0,0.0,8.0,8.0,8.0,2.0,4.0,16.0,32.0,4.0,2.0,32.0,8.0,32.0,2.0,1.0,484.0
4.0,2.0,0.0,2.0,16.0,8.0,2.0,2.0,4.0,16.0,32.0,4.0,2.0,32.0,8.0,32.0,1.0,1.0,488.0
4.0,2.0,2.0,0.0,16.0,8.0,2.0,4.0,4.0,16.0,32.0,4.0,2.0,32.0,8.0,32.0,1.0,1.0,500.0
4.0,2.0,4.0,2.0,16.0,8.0,32.0,8.0,4.0,16.0,8.0,32.0,2.0,2.0,32.0,2.0,2.0,1.0,504.0
4.0,2.0,4.0,2.0,16.0,8.0,32.0,8.0,4.0,16.0,8.0,32.0,4.0,32.0,2.0,2.0,1.0,1.0,512.0
4.0,2.0,4.0,2.0,4.0,8.0,32.0,8.0,16.0,16.0,8.0,32.0,8.0,32.0,2.0,2.0,1.0,1.0,520.0
2.0,2.0,4.0,2.0,8.0,8.0,32.0,8.0,16.0,16.0,8.0,32.0,8.0,32.0,2.0,2.0,2.0,1.0,576.0
4.0,4.0,2.0,2.0,16.0,32.0,8.0,0.0,32.0,8.0,32.0,0.0,8.0,32.0,4.0,2.0,1.0,1.0,580.0
4.0,4.0,2.0,4.0,16.0,32.0,8.0,2.0,32.0,8.0,32.0,4.0,8.0,32.0,4.0,2.0,2.0,1.0,588.0
8.0,2.0,4.0,2.0,16.0,32.0,8.0,2.0,32.0,8.0,32.0,4.0,8.0,32.0,4.0,2.0,1.0,1.0,592.0
8.0,2.0,4.0,2.0,16.0,32.0,8.0,4.0,32.0,8.0,32.0,4.0,8.0,32.0,4.0,2.0,1.0,1.0,600.0
8.0,2.0,4.0,2.0,16.0,32.0,8.0,2.0,32.0,8.0,32.0,8.0,8.0,32.0,4.0,2.0,1.0,1.0,604.0
0.0,0.0,0.0,0.0,2.0,0.0,0.0,0.0,0.0,0.0,0.0,0.0,2.0,0.0,0.0,2.0,1.0,1.0,4.0
0.0,0.0,0.0,2.0,0.0,0.0,0.0,0.0,0.0,0.0,0.0,0.0,4.0,2.0,0.0,2.0,1.0,1.0,8.0
0.0,0.0,0.0,0.0,0.0,2.0,0.0,0.0,0.0,0.0,0.0,2.0,4.0,2.0,0.0,4.0,1.0,1.0,12.0
0.0,0.0,2.0,0.0,0.0,0.0,0.0,0.0,0.0,0.0,0.0,2.0,4.0,4.0,2.0,4.0,1.0,1.0,16.0
0.0,0.0,0.0,0.0,0.0,2.0,0.0,0.0,2.0,2.0,0.0,2.0,4.0,4.0,4.0,4.0,3.0,1.0,36.0
0.0,0.0,0.0,0.0,0.0,0.0,2.0,2.0,0.0,0.0,2.0,4.0,0.0,0.0,8.0,8.0,1.0,1.0,40.0
0.0,0.0,0.0,0.0,0.0,0.0,2.0,2.0,0.0,0.0,4.0,4.0,0.0,0.0,8.0,8.0,2.0,1.0,68.0
0.0,0.0,0.0,0.0,4.0,0.0,0.0,0.0,8.0,0.0,0.0,4.0,16.0,2.0,0.0,2.0,3.0,1.0,72.0
2.0,0.0,0.0,0.0,0.0,0.0,0.0,4.0,0.0,0.0,8.0,4.0,0.0,0.0,16.0,4.0,1.0,1.0,80.0
0.0,0.0,0.0,0.0,0.0,0.0,0.0,0.0,2.0,0.0,8.0,4.0,2.0,0.0,16.0,8.0,1.0,1.0,84.0
2.0,2.0,2.0,2.0,4.0,0.0,8.0,4.0,0.0,0.0,16.0,8.0,0.0,0.0,4.0,0.0,3.0,1.0,92.0
0.0,0.0,4.0,4.0,0.0,4.0,8.0,4.0,2.0,0.0,16.0,8.0,0.0,0.0,0.0,4.0,1.0,1.0,100.0
2.0,0.0,0.0,0.0,0.0,0.0,4.0,8.0,0.0,0.0,8.0,8.0,2.0,4.0,16.0,4.0,2.0,1.0,116.0
2.0,0.0,0.0,2.0,4.0,2.0,0.0,0.0,16.0,8.0,0.0,2.0,2.0,4.0,16.0,4.0,3.0,1.0,120.0
0.0,0.0,0.0,4.0,0.0,0.0,4.0,2.0,2.0,16.0,8.0,2.0,2.0,4.0,16.0,4.0,1.0,1.0,128.0
0.0,0.0,0.0,2.0,0.0,0.0,4.0,4.0,0.0,16.0,8.0,4.0,4.0,4.0,16.0,4.0,1.0,1.0,136.0
2.0,0.0,0.0,0.0,0.0,0.0,4.0,2.0,2.0,16.0,8.0,4.0,4.0,4.0,16.0,8.0,1.0,1.0,140.0
0.0,0.0,2.0,0.0,0.0,0.0,4.0,2.0,4.0,16.0,8.0,4.0,4.0,4.0,16.0,8.0,1.0,1.0,148.0
2.0,0.0,0.0,0.0,4.0,2.0,0.0,2.0,2.0,16.0,8.0,4.0,8.0,4.0,16.0,8.0,3.0,1.0,152.0
2.0,0.0,0.0,2.0,0.0,0.0,4.0,4.0,2.0,16.0,8.0,4.0,8.0,4.0,16.0,8.0,1.0,1.0,164.0
0.0,0.0,0.0,2.0,0.0,0.0,4.0,2.0,4.0,16.0,8.0,8.0,8.0,4.0,16.0,8.0,1.0,1.0,184.0
0.0,0.0,0.0,0.0,0.0,2.0,4.0,0.0,4.0,16.0,8.0,4.0,8.0,4.0,16.0,16.0,2.0,1.0,216.0
2.0,2.0,0.0,0.0,2.0,4.0,0.0,0.0,4.0,16.0,8.0,2.0,8.0,4.0,32.0,4.0,1.0,1.0,220.0
0.0,2.0,0.0,0.0,4.0,4.0,0.0,4.0,4.0,16.0,8.0,2.0,8.0,4.0,32.0,4.0,1.0,1.0,228.0
0.0,2.0,2.0,0.0,0.0,4.0,0.0,4.0,8.0,16.0,8.0,2.0,8.0,4.0,32.0,4.0,1.0,1.0,244.0
0.0,2.0,0.0,2.0,0.0,4.0,2.0,4.0,0.0,16.0,8.0,2.0,16.0,4.0,32.0,4.0,2.0,1.0,248.0
4.0,0.0,0.0,0.0,4.0,2.0,4.0,0.0,16.0,8.0,2.0,2.0,16.0,4.0,32.0,4.0,1.0,1.0,288.0
4.0,2.0,4.0,2.0,8.0,8.0,2.0,4.0,32.0,4.0,32.0,0.0,2.0,0.0,0.0,0.0,3.0,1.0,304.0
2.0,0.0,0.0,2.0,2.0,2.0,4.0,4.0,4.0,16.0,2.0,32.0,2.0,32.0,4.0,2.0,3.0,1.0,320.0
2.0,0.0,0.0,4.0,2.0,0.0,4.0,8.0,4.0,16.0,2.0,32.0,2.0,32.0,4.0,2.0,1.0,1.0,324.0
2.0,0.0,0.0,4.0,4.0,0.0,4.0,8.0,4.0,16.0,2.0,32.0,2.0,32.0,4.0,2.0,1.0,1.0,332.0
2.0,0.0,0.0,4.0,2.0,2.0,4.0,8.0,8.0,16.0,2.0,32.0,2.0,32.0,4.0,2.0,1.0,1.0,336.0
2.0,2.0,4.0,2.0,4.0,2.0,4.0,8.0,8.0,16.0,2.0,32.0,2.0,32.0,4.0,2.0,3.0,1.0,340.0
2.0,4.0,4.0,2.0,4.0,2.0,4.0,8.0,8.0,16.0,2.0,32.0,2.0,32.0,4.0,2.0,1.0,1.0,348.0
2.0,4.0,2.0,2.0,4.0,2.0,8.0,8.0,8.0,16.0,2.0,32.0,2.0,32.0,4.0,2.0,2.0,1.0,368.0
2.0,4.0,4.0,2.0,4.0,2.0,16.0,32.0,8.0,16.0,2.0,2.0,2.0,32.0,4.0,2.0,3.0,1.0,380.0
2.0,2.0,8.0,2.0,4.0,2.0,16.0,32.0,0.0,8.0,16.0,4.0,2.0,32.0,4.0,2.0,1.0,1.0,416.0
2.0,0.0,0.0,2.0,2.0,4.0,8.0,32.0,4.0,8.0,32.0,4.0,2.0,32.0,4.0,2.0,1.0,1.0,420.0
0.0,0.0,2.0,2.0,4.0,4.0,8.0,32.0,4.0,8.0,32.0,4.0,2.0,32.0,4.0,2.0,1.0,1.0,428.0
0.0,4.0,2.0,2.0,0.0,4.0,8.0,32.0,8.0,8.0,32.0,4.0,2.0,32.0,4.0,2.0,1.0,1.0,436.0
0.0,2.0,2.0,2.0,0.0,8.0,8.0,32.0,8.0,8.0,32.0,4.0,2.0,32.0,4.0,2.0,1.0,1.0,452.0
0.0,2.0,2.0,2.0,2.0,2.0,8.0,32.0,8.0,16.0,32.0,4.0,2.0,32.0,4.0,2.0,1.0,1.0,456.0
2.0,0.0,2.0,2.0,2.0,4.0,8.0,32.0,8.0,16.0,32.0,4.0,2.0,32.0,4.0,2.0,1.0,1.0,460.0
4.0,0.0,2.0,2.0,4.0,4.0,8.0,32.0,8.0,16.0,32.0,4.0,2.0,32.0,4.0,2.0,1.0,1.0,468.0
0.0,2.0,2.0,2.0,8.0,4.0,8.0,32.0,8.0,16.0,32.0,4.0,2.0,32.0,4.0,2.0,1.0,1.0,484.0
0.0,2.0,2.0,2.0,2.0,4.0,8.0,32.0,16.0,16.0,32.0,4.0,2.0,32.0,4.0,2.0,2.0,1.0,520.0
4.0,2.0,0.0,0.0,2.0,4.0,8.0,32.0,32.0,32.0,4.0,2.0,2.0,32.0,4.0,2.0,1.0,1.0,596.0
4.0,2.0,0.0,0.0,2.0,2.0,0.0,0.0,32.0,4.0,8.0,32.0,2.0,64.0,8.0,4.0,1.0,1.0,616.0
4.0,0.0,0.0,0.0,2.0,4.0,4.0,0.0,32.0,4.0,0.0,32.0,2.0,64.0,16.0,4.0,1.0,1.0,624.0
4.0,0.0,0.0,0.0,2.0,0.0,2.0,0.0,32.0,8.0,4.0,32.0,2.0,64.0,16.0,4.0,2.0,1.0,628.0
4.0,0.0,0.0,0.0,4.0,0.0,2.0,0.0,32.0,8.0,4.0,32.0,2.0,64.0,16.0,4.0,1.0,1.0,636.0
0.0,0.0,2.0,0.0,8.0,0.0,2.0,0.0,32.0,8.0,4.0,32.0,2.0,64.0,16.0,4.0,1.0,1.0,640.0
0.0,2.0,0.0,0.0,8.0,0.0,4.0,0.0,32.0,8.0,4.0,32.0,2.0,64.0,16.0,4.0,1.0,1.0,648.0
0.0,0.0,0.0,0.0,8.0,2.0,2.0,0.0,32.0,8.0,8.0,32.0,2.0,64.0,16.0,4.0,3.0,1.0,668.0
0.0,0.0,0.0,2.0,0.0,0.0,8.0,4.0,0.0,32.0,16.0,32.0,2.0,64.0,16.0,4.0,1.0,1.0,700.0
0.0,0.0,0.0,2.0,2.0,0.0,2.0,4.0,4.0,32.0,8.0,32.0,2.0,64.0,32.0,4.0,2.0,1.0,704.0
2.0,0.0,0.0,2.0,4.0,4.0,0.0,0.0,4.0,32.0,8.0,32.0,2.0,64.0,32.0,4.0,1.0,1.0,712.0
2.0,0.0,0.0,0.0,2.0,4.0,0.0,2.0,8.0,32.0,8.0,32.0,2.0,64.0,32.0,4.0,1.0,1.0,716.0
2.0,0.0,0.0,0.0,4.0,4.0,0.0,2.0,8.0,32.0,8.0,32.0,2.0,64.0,32.0,4.0,3.0,1.0,724.0
0.0,0.0,2.0,2.0,0.0,0.0,8.0,2.0,8.0,32.0,8.0,32.0,2.0,64.0,32.0,4.0,1.0,1.0,744.0
0.0,0.0,0.0,2.0,2.0,2.0,4.0,2.0,8.0,32.0,16.0,32.0,2.0,64.0,32.0,4.0,1.0,1.0,748.0
0.0,0.0,2.0,0.0,2.0,2.0,4.0,4.0,8.0,32.0,16.0,32.0,2.0,64.0,32.0,4.0,2.0,1.0,760.0
0.0,0.0,0.0,2.0,2.0,4.0,8.0,2.0,8.0,32.0,16.0,32.0,2.0,64.0,32.0,4.0,1.0,1.0,764.0
2.0,0.0,0.0,0.0,2.0,4.0,8.0,4.0,8.0,32.0,16.0,32.0,2.0,64.0,32.0,4.0,1.0,1.0,768.0
0.0,0.0,2.0,0.0,4.0,4.0,8.0,4.0,8.0,32.0,16.0,32.0,2.0,64.0,32.0,4.0,3.0,1.0,776.0
0.0,4.0,0.0,2.0,0.0,8.0,8.0,4.0,8.0,32.0,16.0,32.0,2.0,64.0,32.0,4.0,2.0,1.0,792.0
4.0,2.0,0.0,2.0,16.0,4.0,2.0,2.0,8.0,32.0,16.0,32.0,2.0,64.0,32.0,4.0,2.0,1.0,800.0
4.0,4.0,4.0,0.0,16.0,4.0,4.0,0.0,8.0,32.0,16.0,32.0,2.0,64.0,32.0,4.0,1.0,1.0,816.0
4.0,8.0,8.0,2.0,16.0,32.0,16.0,32.0,8.0,64.0,32.0,4.0,2.0,4.0,0.0,0.0,3.0,1.0,832.0
0.0,4.0,16.0,2.0,16.0,32.0,16.0,32.0,8.0,64.0,32.0,4.0,0.0,2.0,2.0,4.0,2.0,1.0,836.0
4.0,16.0,2.0,0.0,16.0,32.0,16.0,2.0,8.0,64.0,32.0,32.0,4.0,4.0,4.0,4.0,2.0,1.0,916.0
4.0,16.0,2.0,0.0,16.0,32.0,16.0,2.0,8.0,64.0,64.0,0.0,8.0,8.0,2.0,0.0,1.0,1.0,932.0
0.0,16.0,2.0,0.0,4.0,32.0,16.0,0.0,16.0,64.0,64.0,2.0,16.0,8.0,2.0,2.0,1.0,1.0,968.0
0.0,16.0,2.0,0.0,0.0,32.0,16.0,2.0,4.0,64.0,64.0,2.0,32.0,8.0,2.0,4.0,3.0,1.0,1096.0
2.0,0.0,16.0,2.0,0.0,32.0,16.0,2.0,0.0,4.0,128.0,2.0,32.0,8.0,2.0,4.0,1.0,1.0,1132.0
0.0,2.0,0.0,0.0,0.0,32.0,32.0,2.0,2.0,4.0,128.0,4.0,32.0,8.0,2.0,4.0,1.0,1.0,1140.0
2.0,2.0,0.0,0.0,0.0,32.0,32.0,0.0,2.0,4.0,128.0,2.0,32.0,8.0,2.0,8.0,1.0,1.0,1144.0
0.0,2.0,2.0,0.0,0.0,32.0,32.0,0.0,4.0,4.0,128.0,2.0,32.0,8.0,2.0,8.0,2.0,1.0,1220.0
4.0,0.0,0.0,0.0,64.0,2.0,0.0,0.0,8.0,128.0,2.0,0.0,32.0,8.0,2.0,8.0,1.0,1.0,1224.0
4.0,2.0,2.0,2.0,64.0,128.0,4.0,8.0,8.0,8.0,0.0,0.0,32.0,0.0,0.0,2.0,3.0,1.0,1244.0
0.0,0.0,0.0,4.0,2.0,0.0,2.0,8.0,64.0,4.0,4.0,16.0,4.0,128.0,32.0,2.0,2.0,1.0,1256.0
4.0,0.0,2.0,0.0,4.0,8.0,0.0,0.0,64.0,8.0,16.0,0.0,4.0,128.0,32.0,2.0,1.0,1.0,1280.0
0.0,0.0,0.0,0.0,8.0,0.0,2.0,0.0,64.0,16.0,16.0,2.0,4.0,128.0,32.0,2.0,1.0,1.0,1284.0
0.0,0.0,0.0,4.0,8.0,0.0,2.0,0.0,64.0,16.0,16.0,0.0,4.0,128.0,32.0,4.0,1.0,1.0,1292.0
0.0,0.0,2.0,0.0,8.0,0.0,2.0,0.0,64.0,16.0,16.0,0.0,4.0,128.0,32.0,8.0,1.0,1.0,1296.0
0.0,0.0,0.0,2.0,8.0,0.0,4.0,0.0,64.0,16.0,16.0,2.0,4.0,128.0,32.0,8.0,1.0,1.0,1300.0
0.0,2.0,0.0,0.0,8.0,2.0,4.0,0.0,64.0,16.0,16.0,4.0,4.0,128.0,32.0,8.0,1.0,1.0,1304.0
0.0,0.0,2.0,0.0,8.0,4.0,4.0,0.0,64.0,16.0,16.0,4.0,4.0,128.0,32.0,8.0,2.0,1.0,1344.0
2.0,0.0,0.0,0.0,8.0,8.0,0.0,0.0,64.0,32.0,4.0,2.0,4.0,128.0,32.0,8.0,2.0,1.0,1360.0
2.0,0.0,0.0,0.0,16.0,0.0,2.0,2.0,64.0,32.0,4.0,2.0,4.0,128.0,32.0,8.0,2.0,1.0,1364.0
2.0,0.0,2.0,0.0,16.0,4.0,0.0,0.0,64.0,32.0,4.0,2.0,4.0,128.0,32.0,8.0,2.0,1.0,1368.0
0.0,4.0,2.0,4.0,2.0,16.0,4.0,2.0,64.0,32.0,4.0,8.0,4.0,128.0,32.0,2.0,0.0,1.0,1376.0
2.0,4.0,2.0,4.0,64.0,16.0,8.0,2.0,4.0,32.0,32.0,8.0,2.0,128.0,0.0,2.0,2.0,1.0,1440.0
2.0,4.0,2.0,4.0,64.0,16.0,8.0,2.0,4.0,64.0,8.0,0.0,2.0,128.0,2.0,2.0,1.0,1.0,1460.0
2.0,4.0,0.0,2.0,64.0,16.0,2.0,0.0,4.0,64.0,16.0,4.0,2.0,128.0,2.0,4.0,1.0,1.0,1468.0
2.0,4.0,0.0,0.0,64.0,16.0,2.0,2.0,4.0,64.0,16.0,2.0,2.0,128.0,2.0,8.0,1.0,1.0,1472.0
2.0,4.0,2.0,0.0,64.0,16.0,2.0,0.0,4.0,64.0,16.0,4.0,2.0,128.0,2.0,8.0,1.0,1.0,1476.0
2.0,4.0,2.0,4.0,64.0,16.0,4.0,8.0,4.0,64.0,16.0,0.0,2.0,128.0,2.0,2.0,2.0,1.0,1480.0
2.0,4.0,2.0,2.0,64.0,16.0,4.0,4.0,4.0,64.0,16.0,8.0,2.0,128.0,4.0,2.0,2.0,1.0,1492.0
2.0,4.0,4.0,2.0,64.0,16.0,8.0,2.0,4.0,64.0,16.0,8.0,2.0,128.0,4.0,2.0,2.0,1.0,1500.0
2.0,8.0,2.0,2.0,64.0,16.0,8.0,2.0,4.0,64.0,16.0,8.0,2.0,128.0,4.0,2.0,2.0,1.0,1504.0
2.0,8.0,4.0,2.0,64.0,16.0,8.0,2.0,4.0,64.0,16.0,8.0,2.0,128.0,4.0,2.0,0.0,1.0,1508.0
2.0,8.0,4.0,4.0,64.0,16.0,8.0,8.0,4.0,64.0,16.0,2.0,2.0,128.0,4.0,2.0,2.0,1.0,1532.0
2.0,8.0,8.0,0.0,64.0,16.0,16.0,2.0,4.0,64.0,16.0,2.0,2.0,128.0,4.0,2.0,2.0,1.0,1580.0
2.0,16.0,0.0,0.0,64.0,32.0,2.0,2.0,4.0,64.0,16.0,2.0,2.0,128.0,4.0,2.0,1.0,1.0,1584.0
2.0,16.0,2.0,0.0,64.0,32.0,2.0,0.0,4.0,64.0,16.0,2.0,2.0,128.0,4.0,4.0,1.0,1.0,1588.0
2.0,16.0,0.0,0.0,64.0,32.0,4.0,2.0,4.0,64.0,16.0,2.0,2.0,128.0,4.0,4.0,2.0,1.0,1596.0
2.0,16.0,0.0,2.0,64.0,32.0,4.0,2.0,4.0,64.0,16.0,2.0,2.0,128.0,8.0,0.0,1.0,1.0,1600.0
2.0,16.0,0.0,2.0,64.0,32.0,4.0,4.0,4.0,64.0,16.0,2.0,2.0,128.0,8.0,4.0,2.0,1.0,1608.0
2.0,16.0,2.0,0.0,64.0,32.0,8.0,2.0,4.0,64.0,16.0,2.0,2.0,128.0,8.0,4.0,0.0,1.0,1612.0
2.0,16.0,2.0,4.0,64.0,32.0,8.0,4.0,4.0,64.0,16.0,4.0,2.0,2.0,128.0,8.0,2.0,1.0,1616.0
2.0,16.0,2.0,4.0,64.0,32.0,8.0,4.0,4.0,64.0,16.0,4.0,4.0,128.0,8.0,2.0,0.0,1.0,1632.0
2.0,16.0,2.0,8.0,64.0,32.0,8.0,4.0,8.0,64.0,16.0,2.0,128.0,8.0,2.0,2.0,1.0,1.0,1636.0
2.0,16.0,2.0,2.0,64.0,32.0,8.0,8.0,8.0,64.0,16.0,4.0,128.0,8.0,2.0,4.0,1.0,1.0,1644.0
2.0,16.0,2.0,2.0,64.0,32.0,8.0,2.0,8.0,64.0,16.0,8.0,128.0,8.0,2.0,8.0,1.0,1.0,1664.0
2.0,16.0,2.0,2.0,64.0,32.0,8.0,4.0,8.0,64.0,16.0,16.0,128.0,8.0,2.0,2.0,3.0,1.0,1704.0
0.0,2.0,16.0,4.0,64.0,32.0,8.0,4.0,0.0,8.0,64.0,32.0,2.0,128.0,8.0,4.0,1.0,1.0,1712.0
0.0,2.0,16.0,0.0,2.0,32.0,8.0,8.0,64.0,8.0,64.0,32.0,2.0,128.0,8.0,4.0,3.0,1.0,1728.0
0.0,2.0,2.0,16.0,0.0,2.0,32.0,16.0,64.0,8.0,64.0,32.0,2.0,128.0,8.0,4.0,1.0,1.0,1764.0
2.0,0.0,2.0,0.0,0.0,4.0,32.0,32.0,64.0,8.0,64.0,32.0,2.0,128.0,8.0,4.0,1.0,1.0,1828.0
0.0,2.0,2.0,0.0,2.0,4.0,32.0,2.0,64.0,8.0,64.0,64.0,2.0,128.0,8.0,4.0,2.0,1.0,1960.0
4.0,0.0,0.0,0.0,2.0,4.0,32.0,2.0,64.0,8.0,128.0,2.0,2.0,128.0,8.0,4.0,1.0,1.0,1964.0
4.0,0.0,0.0,2.0,2.0,4.0,32.0,0.0,64.0,8.0,128.0,4.0,2.0,128.0,8.0,4.0,1.0,1.0,1972.0
4.0,2.0,0.0,0.0,2.0,4.0,32.0,0.0,64.0,8.0,128.0,2.0,2.0,128.0,8.0,8.0,2.0,1.0,1988.0
4.0,2.0,0.0,0.0,2.0,4.0,32.0,2.0,64.0,8.0,128.0,2.0,2.0,128.0,16.0,0.0,1.0,1.0,1992.0
4.0,2.0,2.0,0.0,2.0,4.0,32.0,0.0,64.0,8.0,128.0,0.0,2.0,128.0,16.0,4.0,2.0,1.0,1996.0
4.0,4.0,0.0,0.0,2.0,4.0,32.0,2.0,64.0,8.0,128.0,0.0,2.0,128.0,16.0,4.0,1.0,1.0,2004.0
4.0,2.0,0.0,0.0,2.0,8.0,32.0,0.0,64.0,8.0,128.0,2.0,2.0,128.0,16.0,4.0,1.0,1.0,2020.0
4.0,0.0,0.0,2.0,2.0,2.0,32.0,0.0,64.0,16.0,128.0,2.0,2.0,128.0,16.0,4.0,1.0,1.0,2024.0
4.0,0.0,0.0,0.0,2.0,2.0,32.0,2.0,64.0,16.0,128.0,4.0,2.0,128.0,16.0,4.0,1.0,1.0,2032.0
4.0,0.0,0.0,2.0,2.0,2.0,32.0,0.0,64.0,16.0,128.0,2.0,2.0,128.0,16.0,8.0,1.0,1.0,2036.0
4.0,0.0,0.0,2.0,2.0,2.0,32.0,2.0,64.0,16.0,128.0,4.0,2.0,128.0,16.0,8.0,1.0,1.0,2040.0
4.0,0.0,0.0,2.0,2.0,2.0,32.0,4.0,64.0,16.0,128.0,4.0,2.0,128.0,16.0,8.0,1.0,1.0,2048.0
4.0,2.0,0.0,0.0,2.0,2.0,32.0,2.0,64.0,16.0,128.0,8.0,2.0,128.0,16.0,8.0,1.0,1.0,2068.0
4.0,2.0,32.0,2.0,2.0,4.0,128.0,16.0,64.0,16.0,16.0,0.0,2.0,128.0,2.0,0.0,2.0,1.0,2100.0
4.0,2.0,32.0,2.0,2.0,4.0,128.0,16.0,64.0,32.0,2.0,2.0,2.0,128.0,2.0,0.0,0.0,1.0,2104.0
4.0,2.0,32.0,2.0,2.0,4.0,128.0,16.0,64.0,32.0,4.0,2.0,2.0,128.0,0.0,2.0,1.0,1.0,2108.0
4.0,2.0,2.0,2.0,2.0,4.0,32.0,16.0,64.0,32.0,128.0,4.0,2.0,128.0,4.0,2.0,3.0,1.0,2112.0
2.0,4.0,2.0,4.0,2.0,4.0,32.0,16.0,64.0,32.0,128.0,4.0,2.0,128.0,4.0,2.0,1.0,1.0,2124.0
2.0,8.0,2.0,4.0,4.0,32.0,32.0,16.0,64.0,128.0,128.0,4.0,2.0,2.0,4.0,2.0,2.0,1.0,2448.0
2.0,8.0,2.0,0.0,4.0,64.0,16.0,2.0,64.0,256.0,4.0,4.0,4.0,4.0,2.0,2.0,2.0,1.0,2468.0
2.0,2.0,8.0,2.0,4.0,64.0,16.0,2.0,64.0,256.0,8.0,2.0,0.0,0.0,8.0,4.0,1.0,1.0,2488.0
0.0,2.0,0.0,0.0,2.0,2.0,8.0,2.0,4.0,64.0,16.0,4.0,64.0,256.0,16.0,4.0,1.0,1.0,2532.0
0.0,0.0,0.0,0.0,2.0,4.0,0.0,2.0,4.0,64.0,8.0,2.0,64.0,256.0,32.0,8.0,1.0,1.0,2536.0
2.0,0.0,0.0,0.0,2.0,4.0,2.0,2.0,4.0,64.0,8.0,4.0,64.0,256.0,32.0,8.0,3.0,1.0,2540.0
0.0,0.0,2.0,2.0,0.0,2.0,4.0,4.0,4.0,64.0,8.0,4.0,64.0,256.0,32.0,8.0,1.0,1.0,2548.0
0.0,2.0,2.0,0.0,0.0,2.0,4.0,2.0,4.0,64.0,8.0,8.0,64.0,256.0,32.0,8.0,1.0,1.0,2568.0
0.0,0.0,2.0,2.0,0.0,4.0,4.0,0.0,4.0,64.0,8.0,2.0,64.0,256.0,32.0,16.0,1.0,1.0,2572.0
0.0,2.0,2.0,0.0,2.0,4.0,4.0,0.0,4.0,64.0,8.0,4.0,64.0,256.0,32.0,16.0,2.0,1.0,2584.0
4.0,8.0,2.0,2.0,2.0,64.0,8.0,4.0,4.0,256.0,32.0,16.0,64.0,0.0,0.0,2.0,2.0,1.0,2588.0
4.0,8.0,4.0,2.0,2.0,64.0,8.0,2.0,4.0,256.0,32.0,4.0,64.0,2.0,2.0,16.0,3.0,1.0,2592.0
4.0,8.0,4.0,2.0,2.0,64.0,8.0,2.0,4.0,256.0,32.0,4.0,2.0,64.0,4.0,16.0,1.0,1.0,2596.0
4.0,8.0,4.0,4.0,2.0,64.0,8.0,4.0,4.0,256.0,32.0,4.0,2.0,64.0,4.0,16.0,1.0,1.0,2604.0
0.0,0.0,2.0,0.0,0.0,0.0,0.0,0.0,0.0,0.0,0.0,0.0,2.0,4.0,2.0,0.0,0.0,1.0,4.0
2.0,4.0,4.0,0.0,2.0,0.0,0.0,0.0,0.0,0.0,0.0,0.0,0.0,0.0,0.0,0.0,1.0,1.0,8.0
2.0,0.0,0.0,0.0,0.0,0.0,0.0,0.0,2.0,0.0,0.0,0.0,4.0,4.0,4.0,0.0,1.0,1.0,12.0
0.0,0.0,0.0,0.0,0.0,2.0,0.0,0.0,4.0,0.0,0.0,0.0,4.0,4.0,4.0,0.0,1.0,1.0,20.0
2.0,2.0,4.0,0.0,8.0,4.0,4.0,0.0,0.0,0.0,0.0,0.0,0.0,0.0,0.0,0.0,1.0,1.0,28.0
0.0,0.0,0.0,0.0,0.0,2.0,0.0,0.0,2.0,2.0,0.0,0.0,8.0,4.0,8.0,0.0,1.0,1.0,32.0
0.0,0.0,0.0,0.0,0.0,0.0,0.0,0.0,2.0,4.0,0.0,0.0,8.0,4.0,8.0,2.0,1.0,1.0,40.0
0.0,0.0,0.0,0.0,0.0,0.0,0.0,0.0,2.0,0.0,2.0,0.0,8.0,8.0,8.0,2.0,3.0,1.0,60.0
2.0,8.0,16.0,2.0,4.0,0.0,0.0,0.0,2.0,0.0,2.0,0.0,2.0,0.0,0.0,0.0,1.0,1.0,64.0
0.0,0.0,0.0,0.0,2.0,0.0,0.0,0.0,4.0,0.0,16.0,2.0,4.0,8.0,2.0,2.0,1.0,1.0,76.0
0.0,0.0,0.0,0.0,0.0,0.0,2.0,0.0,2.0,0.0,16.0,0.0,8.0,8.0,2.0,4.0,2.0,1.0,92.0
0.0,0.0,2.0,0.0,2.0,0.0,0.0,0.0,2.0,16.0,0.0,0.0,16.0,2.0,4.0,0.0,1.0,1.0,96.0
0.0,0.0,0.0,0.0,2.0,0.0,0.0,2.0,4.0,16.0,2.0,0.0,16.0,2.0,4.0,2.0,1.0,1.0,100.0
0.0,0.0,2.0,0.0,2.0,0.0,0.0,0.0,4.0,16.0,2.0,2.0,16.0,2.0,4.0,4.0,1.0,1.0,104.0
2.0,0.0,0.0,0.0,2.0,0.0,0.0,0.0,4.0,16.0,4.0,2.0,16.0,2.0,4.0,4.0,1.0,1.0,116.0
0.0,0.0,4.0,0.0,4.0,0.0,0.0,0.0,4.0,16.0,0.0,2.0,16.0,2.0,8.0,4.0,1.0,1.0,124.0
0.0,2.0,0.0,2.0,0.0,0.0,4.0,2.0,8.0,16.0,4.0,2.0,16.0,2.0,8.0,4.0,3.0,1.0,128.0
4.0,0.0,0.0,4.0,0.0,0.0,4.0,2.0,8.0,16.0,4.0,2.0,16.0,2.0,8.0,4.0,1.0,1.0,140.0
0.0,0.0,2.0,0.0,4.0,0.0,0.0,4.0,8.0,16.0,8.0,4.0,16.0,2.0,8.0,4.0,1.0,1.0,164.0
0.0,0.0,2.0,2.0,0.0,0.0,0.0,4.0,8.0,16.0,2.0,4.0,16.0,2.0,16.0,8.0,2.0,1.0,168.0
4.0,0.0,0.0,0.0,4.0,0.0,0.0,2.0,8.0,16.0,2.0,4.0,16.0,2.0,16.0,8.0,1.0,1.0,176.0
0.0,0.0,0.0,0.0,8.0,2.0,0.0,2.0,8.0,16.0,2.0,4.0,16.0,2.0,16.0,8.0,2.0,1.0,180.0
0.0,2.0,0.0,0.0,8.0,4.0,0.0,0.0,8.0,16.0,2.0,4.0,16.0,2.0,16.0,8.0,1.0,1.0,196.0
2.0,2.0,0.0,0.0,0.0,4.0,0.0,0.0,16.0,16.0,2.0,4.0,16.0,2.0,16.0,8.0,1.0,1.0,228.0
0.0,0.0,0.0,2.0,2.0,2.0,4.0,2.0,2.0,16.0,2.0,4.0,32.0,2.0,16.0,8.0,2.0,1.0,232.0
2.0,4.0,0.0,0.0,4.0,4.0,2.0,0.0,2.0,16.0,2.0,4.0,32.0,2.0,16.0,8.0,1.0,1.0,244.0
2.0,0.0,0.0,4.0,4.0,8.0,0.0,0.0,2.0,16.0,4.0,4.0,32.0,2.0,16.0,8.0,1.0,1.0,252.0
2.0,0.0,2.0,0.0,4.0,8.0,0.0,0.0,2.0,16.0,4.0,8.0,32.0,2.0,16.0,8.0,1.0,1.0,268.0
2.0,2.0,2.0,0.0,4.0,8.0,2.0,0.0,2.0,16.0,4.0,16.0,32.0,2.0,16.0,2.0,2.0,1.0,272.0
4.0,2.0,2.0,0.0,4.0,8.0,2.0,0.0,2.0,16.0,4.0,16.0,32.0,2.0,16.0,2.0,1.0,1.0,284.0
4.0,2.0,0.0,0.0,8.0,8.0,4.0,0.0,2.0,16.0,4.0,16.0,32.0,2.0,16.0,2.0,1.0,1.0,292.0
4.0,2.0,4.0,16.0,8.0,8.0,2.0,2.0,2.0,16.0,8.0,0.0,32.0,2.0,16.0,2.0,2.0,1.0,312.0
4.0,2.0,4.0,16.0,16.0,4.0,0.0,2.0,2.0,16.0,8.0,0.0,32.0,2.0,16.0,2.0,1.0,1.0,316.0
4.0,2.0,0.0,0.0,16.0,4.0,4.0,2.0,2.0,16.0,8.0,16.0,32.0,2.0,16.0,4.0,3.0,1.0,324.0
0.0,0.0,4.0,2.0,2.0,16.0,8.0,2.0,2.0,16.0,8.0,16.0,32.0,2.0,16.0,4.0,1.0,1.0,380.0
0.0,0.0,0.0,2.0,0.0,0.0,4.0,4.0,4.0,32.0,16.0,16.0,32.0,2.0,16.0,4.0,1.0,1.0,412.0
0.0,0.0,0.0,2.0,4.0,0.0,0.0,4.0,4.0,32.0,4.0,16.0,32.0,2.0,32.0,4.0,2.0,1.0,420.0
0.0,0.0,0.0,2.0,2.0,0.0,8.0,2.0,4.0,32.0,4.0,16.0,32.0,2.0,32.0,4.0,1.0,1.0,424.0
2.0,0.0,0.0,0.0,2.0,0.0,8.0,4.0,4.0,32.0,4.0,16.0,32.0,2.0,32.0,4.0,1.0,1.0,428.0
0.0,0.0,2.0,0.0,4.0,0.0,8.0,4.0,4.0,32.0,4.0,16.0,32.0,2.0,32.0,4.0,1.0,1.0,436.0
0.0,2.0,2.0,0.0,0.0,2.0,8.0,4.0,8.0,32.0,4.0,16.0,32.0,2.0,32.0,4.0,1.0,1.0,440.0
0.0,2.0,2.0,0.0,4.0,4.0,8.0,4.0,8.0,32.0,4.0,16.0,32.0,2.0,32.0,4.0,2.0,1.0,452.0
4.0,0.0,0.0,0.0,8.0,8.0,4.0,2.0,8.0,32.0,4.0,16.0,32.0,2.0,32.0,4.0,1.0,1.0,476.0
4.0,0.0,0.0,0.0,4.0,8.0,2.0,2.0,16.0,32.0,8.0,16.0,32.0,2.0,32.0,4.0,1.0,1.0,484.0
0.0,2.0,0.0,0.0,8.0,8.0,2.0,2.0,16.0,32.0,8.0,16.0,32.0,2.0,32.0,4.0,2.0,1.0,504.0
0.0,2.0,0.0,2.0,0.0,16.0,4.0,2.0,16.0,32.0,8.0,16.0,32.0,2.0,32.0,4.0,1.0,1.0,508.0
0.0,2.0,2.0,0.0,2.0,16.0,4.0,4.0,16.0,32.0,8.0,16.0,32.0,2.0,32.0,4.0,3.0,1.0,520.0
0.0,0.0,0.0,4.0,2.0,2.0,16.0,8.0,16.0,32.0,8.0,16.0,32.0,2.0,32.0,4.0,2.0,1.0,524.0
4.0,2.0,0.0,0.0,4.0,16.0,8.0,0.0,16.0,32.0,8.0,16.0,32.0,2.0,32.0,4.0,0.0,1.0,548.0
2.0,2.0,0.0,0.0,8.0,16.0,16.0,0.0,16.0,32.0,32.0,16.0,32.0,2.0,2.0,4.0,3.0,1.0,652.0
0.0,0.0,0.0,4.0,0.0,0.0,8.0,32.0,2.0,16.0,64.0,16.0,4.0,32.0,4.0,4.0,2.0,1.0,660.0
0.0,0.0,2.0,4.0,0.0,8.0,32.0,2.0,2.0,16.0,64.0,2.0,4.0,32.0,8.0,16.0,1.0,1.0,664.0
0.0,0.0,2.0,4.0,0.0,8.0,32.0,4.0,2.0,16.0,64.0,4.0,4.0,32.0,8.0,16.0,1.0,1.0,672.0
2.0,0.0,2.0,0.0,0.0,8.0,32.0,4.0,2.0,16.0,64.0,8.0,4.0,32.0,8.0,16.0,1.0,1.0,676.0
0.0,2.0,2.0,0.0,0.0,8.0,32.0,4.0,4.0,16.0,64.0,8.0,4.0,32.0,8.0,16.0,1.0,1.0,684.0
0.0,2.0,2.0,2.0,0.0,8.0,32.0,4.0,0.0,16.0,64.0,8.0,8.0,32.0,8.0,16.0,3.0,1.0,688.0
0.0,2.0,2.0,4.0,0.0,8.0,32.0,4.0,0.0,16.0,64.0,8.0,8.0,32.0,8.0,16.0,1.0,1.0,696.0
0.0,2.0,2.0,2.0,0.0,8.0,32.0,8.0,0.0,16.0,64.0,8.0,8.0,32.0,8.0,16.0,1.0,1.0,712.0
0.0,2.0,2.0,2.0,0.0,8.0,32.0,2.0,0.0,16.0,64.0,16.0,8.0,32.0,8.0,16.0,1.0,1.0,748.0
0.0,2.0,2.0,0.0,2.0,8.0,32.0,2.0,2.0,16.0,64.0,4.0,8.0,32.0,8.0,32.0,2.0,1.0,752.0
4.0,0.0,2.0,0.0,2.0,8.0,32.0,2.0,2.0,16.0,64.0,4.0,8.0,32.0,8.0,32.0,1.0,1.0,756.0
0.0,2.0,2.0,0.0,4.0,8.0,32.0,2.0,4.0,16.0,64.0,4.0,8.0,32.0,8.0,32.0,1.0,1.0,764.0
2.0,2.0,2.0,0.0,0.0,8.0,32.0,2.0,8.0,16.0,64.0,4.0,8.0,32.0,8.0,32.0,1.0,1.0,780.0
0.0,2.0,2.0,2.0,0.0,8.0,32.0,2.0,2.0,16.0,64.0,4.0,16.0,32.0,8.0,32.0,1.0,1.0,784.0
0.0,2.0,2.0,2.0,0.0,8.0,32.0,4.0,2.0,16.0,64.0,4.0,16.0,32.0,8.0,32.0,1.0,1.0,792.0
2.0,2.0,2.0,0.0,0.0,8.0,32.0,2.0,2.0,16.0,64.0,8.0,16.0,32.0,8.0,32.0,1.0,1.0,796.0
0.0,2.0,2.0,2.0,0.0,8.0,32.0,2.0,4.0,16.0,64.0,8.0,16.0,32.0,8.0,32.0,1.0,1.0,800.0
0.0,2.0,2.0,0.0,2.0,8.0,32.0,4.0,4.0,16.0,64.0,8.0,16.0,32.0,8.0,32.0,3.0,1.0,804.0
2.0,0.0,0.0,4.0,2.0,8.0,32.0,4.0,4.0,16.0,64.0,8.0,16.0,32.0,8.0,32.0,1.0,1.0,816.0
2.0,2.0,0.0,0.0,4.0,8.0,32.0,8.0,4.0,16.0,64.0,8.0,16.0,32.0,8.0,32.0,2.0,1.0,820.0
4.0,2.0,0.0,0.0,4.0,8.0,32.0,8.0,4.0,16.0,64.0,8.0,16.0,32.0,8.0,32.0,0.0,1.0,844.0
8.0,2.0,0.0,0.0,4.0,8.0,32.0,2.0,16.0,16.0,64.0,16.0,2.0,32.0,8.0,32.0,2.0,1.0,876.0
8.0,2.0,0.0,0.0,4.0,8.0,32.0,2.0,32.0,64.0,16.0,2.0,2.0,32.0,8.0,32.0,1.0,1.0,880.0
8.0,2.0,32.0,2.0,4.0,8.0,16.0,2.0,32.0,64.0,8.0,4.0,2.0,32.0,2.0,32.0,0.0,1.0,884.0
8.0,2.0,32.0,4.0,4.0,8.0,16.0,4.0,32.0,64.0,8.0,32.0,2.0,32.0,2.0,2.0,1.0,1.0,892.0
8.0,2.0,32.0,2.0,4.0,8.0,16.0,8.0,32.0,64.0,8.0,32.0,2.0,32.0,2.0,2.0,3.0,1.0,896.0
8.0,2.0,32.0,2.0,4.0,8.0,16.0,8.0,32.0,64.0,8.0,32.0,2.0,2.0,32.0,4.0,3.0,1.0,900.0
2.0,0.0,0.0,0.0,0.0,0.0,2.0,0.0,0.0,0.0,0.0,0.0,0.0,0.0,0.0,0.0,1.0,0.0,0.0
0.0,0.0,0.0,0.0,2.0,0.0,0.0,0.0,0.0,0.0,0.0,0.0,2.0,0.0,2.0,0.0,1.0,1.0,4.0
0.0,0.0,0.0,2.0,0.0,0.0,0.0,0.0,0.0,0.0,0.0,0.0,4.0,0.0,2.0,0.0,2.0,0.0,4.0
2.0,0.0,0.0,0.0,0.0,0.0,0.0,0.0,0.0,0.0,0.0,2.0,4.0,2.0,0.0,0.0,1.0,0.0,4.0
0.0,2.0,0.0,0.0,0.0,0.0,0.0,0.0,2.0,0.0,0.0,0.0,4.0,2.0,0.0,2.0,0.0,1.0,8.0
2.0,4.0,2.0,2.0,4.0,0.0,0.0,0.0,0.0,0.0,0.0,0.0,0.0,0.0,0.0,0.0,1.0,0.0,8.0
0.0,0.0,0.0,0.0,0.0,0.0,2.0,0.0,2.0,0.0,0.0,0.0,4.0,4.0,2.0,2.0,1.0,1.0,12.0
0.0,2.0,0.0,0.0,0.0,0.0,0.0,0.0,2.0,0.0,0.0,0.0,4.0,4.0,4.0,2.0,1.0,0.0,12.0
0.0,0.0,4.0,0.0,0.0,0.0,0.0,0.0,2.0,2.0,0.0,0.0,4.0,4.0,4.0,2.0,1.0,1.0,20.0
0.0,0.0,0.0,0.0,0.0,0.0,2.0,0.0,2.0,2.0,0.0,0.0,4.0,4.0,8.0,2.0,1.0,0.0,20.0
0.0,0.0,0.0,0.0,0.0,0.0,0.0,2.0,2.0,2.0,2.0,0.0,4.0,4.0,8.0,2.0,1.0,1.0,24.0
0.0,0.0,0.0,0.0,0.0,0.0,0.0,0.0,2.0,2.0,2.0,2.0,4.0,4.0,8.0,4.0,1.0,0.0,24.0
0.0,0.0,0.0,0.0,0.0,0.0,0.0,0.0,2.0,2.0,2.0,2.0,4.0,4.0,8.0,4.0,1.0,0.0,24.0
0.0,0.0,0.0,0.0,0.0,0.0,0.0,0.0,2.0,2.0,2.0,2.0,4.0,4.0,8.0,4.0,0.0,0.0,24.0
2.0,2.0,2.0,2.0,4.0,4.0,8.0,4.0,2.0,0.0,0.0,0.0,0.0,0.0,0.0,0.0,3.0,1.0,40.0
0.0,2.0,4.0,4.0,0.0,8.0,8.0,4.0,0.0,0.0,0.0,2.0,0.0,0.0,0.0,0.0,1.0,1.0,48.0
2.0,0.0,0.0,0.0,0.0,0.0,0.0,0.0,0.0,2.0,4.0,8.0,0.0,8.0,8.0,2.0,2.0,1.0,64.0
2.0,0.0,0.0,0.0,0.0,0.0,0.0,0.0,2.0,4.0,8.0,0.0,16.0,2.0,0.0,2.0,1.0,1.0,68.0
0.0,0.0,0.0,2.0,0.0,0.0,0.0,0.0,4.0,4.0,0.0,0.0,16.0,2.0,8.0,2.0,1.0,1.0,72.0
2.0,0.0,0.0,0.0,0.0,0.0,0.0,0.0,4.0,4.0,0.0,0.0,16.0,2.0,8.0,4.0,1.0,0.0,72.0
0.0,0.0,0.0,0.0,2.0,0.0,0.0,0.0,4.0,4.0,2.0,0.0,16.0,2.0,8.0,4.0,1.0,0.0,72.0
0.0,0.0,0.0,0.0,2.0,0.0,0.0,0.0,4.0,4.0,2.0,0.0,16.0,2.0,8.0,4.0,2.0,1.0,80.0
0.0,0.0,0.0,0.0,2.0,0.0,2.0,0.0,8.0,2.0,0.0,0.0,16.0,2.0,8.0,4.0,1.0,1.0,84.0
0.0,0.0,0.0,0.0,2.0,0.0,2.0,0.0,8.0,0.0,2.0,0.0,16.0,4.0,8.0,4.0,1.0,1.0,88.0
0.0,0.0,0.0,2.0,2.0,0.0,0.0,0.0,8.0,0.0,4.0,0.0,16.0,4.0,8.0,4.0,1.0,0.0,88.0
0.0,0.0,0.0,0.0,2.0,0.0,0.0,2.0,8.0,0.0,4.0,2.0,16.0,4.0,8.0,4.0,1.0,1.0,92.0
0.0,2.0,0.0,0.0,2.0,0.0,0.0,0.0,8.0,0.0,4.0,4.0,16.0,4.0,8.0,4.0,1.0,1.0,100.0
0.0,0.0,4.0,0.0,2.0,0.0,0.0,0.0,8.0,2.0,4.0,0.0,16.0,4.0,8.0,8.0,1.0,1.0,108.0
0.0,0.0,0.0,0.0,2.0,0.0,2.0,0.0,8.0,2.0,8.0,0.0,16.0,4.0,8.0,8.0,1.0,1.0,124.0
0.0,0.0,0.0,2.0,2.0,0.0,0.0,0.0,8.0,2.0,2.0,0.0,16.0,4.0,16.0,8.0,1.0,0.0,124.0
0.0,2.0,0.0,0.0,2.0,0.0,0.0,0.0,8.0,2.0,2.0,2.0,16.0,4.0,16.0,8.0,1.0,1.0,128.0
0.0,0.0,2.0,0.0,2.0,0.0,0.0,0.0,8.0,4.0,2.0,2.0,16.0,4.0,16.0,8.0,1.0,1.0,140.0
0.0,2.0,0.0,0.0,2.0,0.0,0.0,0.0,8.0,0.0,4.0,2.0,16.0,8.0,16.0,8.0,1.0,0.0,140.0
2.0,0.0,0.0,0.0,2.0,0.0,0.0,0.0,8.0,2.0,4.0,2.0,16.0,8.0,16.0,8.0,1.0,1.0,144.0
4.0,0.0,0.0,0.0,4.0,0.0,0.0,0.0,8.0,2.0,4.0,2.0,16.0,8.0,16.0,8.0,1.0,1.0,152.0
0.0,0.0,0.0,0.0,8.0,2.0,0.0,0.0,8.0,2.0,4.0,2.0,16.0,8.0,16.0,8.0,1.0,1.0,172.0
0.0,2.0,0.0,0.0,0.0,0.0,0.0,0.0,16.0,4.0,4.0,2.0,16.0,8.0,16.0,8.0,1.0,1.0,204.0
0.0,0.0,0.0,0.0,2.0,2.0,0.0,0.0,0.0,4.0,4.0,2.0,32.0,8.0,16.0,8.0,1.0,0.0,204.0
0.0,0.0,0.0,2.0,0.0,2.0,0.0,0.0,2.0,4.0,4.0,2.0,32.0,8.0,16.0,8.0,1.0,1.0,208.0
0.0,4.0,0.0,0.0,0.0,2.0,0.0,0.0,2.0,4.0,4.0,4.0,32.0,8.0,16.0,8.0,1.0,0.0,208.0
0.0,4.0,0.0,0.0,0.0,2.0,0.0,0.0,2.0,4.0,4.0,4.0,32.0,8.0,16.0,8.0,1.0,0.0,208.0
0.0,4.0,0.0,0.0,0.0,2.0,0.0,0.0,2.0,4.0,4.0,4.0,32.0,8.0,16.0,8.0,2.0,1.0,216.0
4.0,0.0,2.0,0.0,2.0,0.0,0.0,0.0,2.0,8.0,4.0,0.0,32.0,8.0,16.0,8.0,1.0,1.0,236.0
0.0,0.0,0.0,0.0,4.0,0.0,2.0,4.0,4.0,0.0,4.0,0.0,32.0,16.0,16.0,8.0,1.0,1.0,244.0
2.0,0.0,0.0,0.0,0.0,0.0,2.0,0.0,8.0,0.0,4.0,4.0,32.0,16.0,16.0,8.0,1.0,0.0,244.0
0.0,0.0,0.0,0.0,2.0,2.0,2.0,0.0,8.0,0.0,4.0,4.0,32.0,16.0,16.0,8.0,1.0,0.0,244.0
0.0,2.0,0.0,0.0,2.0,0.0,2.0,0.0,8.0,2.0,4.0,4.0,32.0,16.0,16.0,8.0,3.0,1.0,288.0
0.0,0.0,0.0,2.0,0.0,0.0,2.0,4.0,0.0,8.0,2.0,8.0,0.0,32.0,32.0,8.0,1.0,1.0,308.0
0.0,0.0,0.0,0.0,0.0,0.0,2.0,2.0,0.0,8.0,4.0,4.0,0.0,32.0,32.0,16.0,1.0,0.0,308.0
0.0,0.0,0.0,0.0,0.0,0.0,2.0,2.0,0.0,8.0,4.0,4.0,0.0,32.0,32.0,16.0,1.0,0.0,308.0
0.0,0.0,0.0,0.0,0.0,0.0,2.0,2.0,0.0,8.0,4.0,4.0,0.0,32.0,32.0,16.0,2.0,1.0,384.0
2.0,0.0,0.0,0.0,4.0,0.0,0.0,0.0,8.0,8.0,0.0,0.0,64.0,16.0,0.0,0.0,1.0,0.0,384.0
2.0,0.0,0.0,0.0,4.0,0.0,0.0,0.0,8.0,8.0,0.0,0.0,64.0,16.0,0.0,0.0,1.0,0.0,384.0
2.0,0.0,0.0,0.0,4.0,0.0,0.0,0.0,8.0,8.0,0.0,0.0,64.0,16.0,0.0,0.0,3.0,1.0,400.0
0.0,0.0,0.0,2.0,0.0,0.0,0.0,4.0,0.0,0.0,4.0,16.0,0.0,0.0,64.0,16.0,1.0,1.0,432.0
0.0,0.0,0.0,0.0,0.0,0.0,2.0,2.0,0.0,0.0,4.0,4.0,0.0,0.0,64.0,32.0,2.0,1.0,444.0
0.0,2.0,0.0,0.0,4.0,0.0,0.0,0.0,8.0,0.0,0.0,0.0,64.0,32.0,0.0,0.0,1.0,0.0,444.0
0.0,0.0,0.0,0.0,4.0,0.0,2.0,0.0,8.0,2.0,0.0,0.0,64.0,32.0,0.0,0.0,1.0,0.0,444.0
0.0,2.0,0.0,0.0,4.0,0.0,0.0,0.0,8.0,2.0,0.0,0.0,64.0,32.0,2.0,0.0,2.0,0.0,444.0
2.0,0.0,0.0,2.0,4.0,0.0,0.0,0.0,8.0,2.0,0.0,0.0,64.0,32.0,2.0,0.0,2.0,1.0,448.0
4.0,0.0,0.0,0.0,4.0,0.0,0.0,2.0,8.0,2.0,0.0,0.0,64.0,32.0,2.0,0.0,1.0,1.0,456.0
0.0,0.0,0.0,2.0,8.0,0.0,0.0,0.0,8.0,2.0,0.0,0.0,64.0,32.0,2.0,2.0,1.0,1.0,476.0
0.0,0.0,0.0,0.0,0.0,0.0,0.0,2.0,16.0,2.0,0.0,0.0,64.0,32.0,2.0,4.0,1.0,0.0,476.0
0.0,0.0,0.0,0.0,0.0,2.0,0.0,0.0,16.0,2.0,0.0,2.0,64.0,32.0,2.0,4.0,1.0,1.0,480.0
0.0,0.0,0.0,0.0,0.0,0.0,0.0,0.0,16.0,4.0,2.0,2.0,64.0,32.0,2.0,4.0,1.0,1.0,484.0
0.0,0.0,0.0,0.0,2.0,0.0,0.0,0.0,16.0,4.0,0.0,2.0,64.0,32.0,4.0,4.0,1.0,0.0,484.0
0.0,0.0,0.0,0.0,2.0,0.0,0.0,0.0,16.0,4.0,0.0,2.0,64.0,32.0,4.0,4.0,1.0,0.0,484.0
0.0,0.0,0.0,0.0,2.0,0.0,0.0,0.0,16.0,4.0,0.0,2.0,64.0,32.0,4.0,4.0,2.0,1.0,492.0
0.0,0.0,0.0,0.0,2.0,0.0,0.0,0.0,16.0,4.0,2.0,0.0,64.0,32.0,8.0,2.0,1.0,0.0,492.0
0.0,0.0,0.0,0.0,2.0,0.0,0.0,0.0,16.0,4.0,2.0,0.0,64.0,32.0,8.0,2.0,1.0,0.0,492.0
0.0,0.0,0.0,0.0,2.0,0.0,0.0,0.0,16.0,4.0,2.0,0.0,64.0,32.0,8.0,2.0,0.0,0.0,492.0
2.0,4.0,2.0,2.0,16.0,32.0,8.0,0.0,64.0,0.0,0.0,0.0,0.0,2.0,0.0,0.0,1.0,0.0,492.0
0.0,0.0,2.0,0.0,2.0,4.0,0.0,0.0,16.0,32.0,2.0,0.0,64.0,2.0,8.0,2.0,3.0,0.0,492.0
0.0,0.0,0.0,2.0,2.0,0.0,2.0,4.0,0.0,16.0,32.0,2.0,64.0,2.0,8.0,2.0,0.0,1.0,496.0
2.0,16.0,2.0,2.0,64.0,2.0,32.0,4.0,0.0,0.0,8.0,4.0,0.0,0.0,2.0,0.0,2.0,1.0,500.0
2.0,16.0,4.0,2.0,64.0,2.0,32.0,4.0,8.0,4.0,0.0,0.0,2.0,0.0,0.0,0.0,2.0,0.0,500.0
2.0,16.0,4.0,2.0,64.0,2.0,32.0,4.0,8.0,4.0,0.0,0.0,2.0,0.0,0.0,0.0,2.0,0.0,500.0
2.0,16.0,4.0,2.0,64.0,2.0,32.0,4.0,8.0,4.0,0.0,0.0,2.0,0.0,0.0,0.0,2.0,0.0,500.0
2.0,16.0,4.0,2.0,64.0,2.0,32.0,4.0,8.0,4.0,0.0,0.0,2.0,0.0,0.0,0.0,3.0,0.0,500.0
2.0,16.0,4.0,2.0,64.0,2.0,32.0,4.0,0.0,0.0,8.0,4.0,0.0,2.0,0.0,2.0,1.0,1.0,512.0
0.0,0.0,0.0,2.0,0.0,0.0,4.0,2.0,2.0,16.0,32.0,8.0,64.0,4.0,8.0,2.0,1.0,1.0,516.0
0.0,2.0,0.0,0.0,0.0,0.0,4.0,4.0,2.0,16.0,32.0,8.0,64.0,4.0,8.0,2.0,1.0,0.0,516.0
0.0,2.0,0.0,0.0,0.0,2.0,4.0,4.0,2.0,16.0,32.0,8.0,64.0,4.0,8.0,2.0,1.0,1.0,520.0
0.0,0.0,0.0,2.0,0.0,4.0,4.0,4.0,2.0,16.0,32.0,8.0,64.0,4.0,8.0,2.0,1.0,0.0,520.0
0.0,0.0,0.0,2.0,0.0,4.0,4.0,4.0,2.0,16.0,32.0,8.0,64.0,4.0,8.0,2.0,1.0,0.0,520.0
0.0,0.0,0.0,2.0,0.0,4.0,4.0,4.0,2.0,16.0,32.0,8.0,64.0,4.0,8.0,2.0,3.0,1.0,528.0
0.0,0.0,2.0,2.0,0.0,0.0,4.0,8.0,2.0,16.0,32.0,8.0,64.0,4.0,8.0,2.0,1.0,1.0,544.0
0.0,0.0,2.0,2.0,0.0,0.0,4.0,2.0,2.0,16.0,32.0,16.0,64.0,4.0,8.0,2.0,1.0,1.0,548.0
0.0,0.0,2.0,0.0,2.0,0.0,4.0,4.0,2.0,16.0,32.0,16.0,64.0,4.0,8.0,2.0,1.0,1.0,552.0
0.0,0.0,2.0,0.0,0.0,4.0,4.0,4.0,4.0,16.0,32.0,16.0,64.0,4.0,8.0,2.0,1.0,0.0,552.0
0.0,0.0,2.0,0.0,0.0,4.0,4.0,4.0,4.0,16.0,32.0,16.0,64.0,4.0,8.0,2.0,1.0,0.0,552.0
0.0,0.0,2.0,0.0,0.0,4.0,4.0,4.0,4.0,16.0,32.0,16.0,64.0,4.0,8.0,2.0,3.0,1.0,560.0
0.0,0.0,2.0,2.0,0.0,0.0,4.0,8.0,4.0,16.0,32.0,16.0,64.0,4.0,8.0,2.0,1.0,0.0,560.0
0.0,0.0,2.0,2.0,0.0,0.0,4.0,8.0,4.0,16.0,32.0,16.0,64.0,4.0,8.0,2.0,1.0,0.0,560.0
0.0,0.0,2.0,2.0,0.0,0.0,4.0,8.0,4.0,16.0,32.0,16.0,64.0,4.0,8.0,2.0,2.0,1.0,564.0
4.0,0.0,0.0,0.0,4.0,8.0,0.0,2.0,4.0,16.0,32.0,16.0,64.0,4.0,8.0,2.0,1.0,1.0,572.0
0.0,0.0,0.0,0.0,4.0,8.0,2.0,2.0,8.0,16.0,32.0,16.0,64.0,4.0,8.0,2.0,1.0,0.0,572.0
0.0,0.0,0.0,0.0,4.0,8.0,2.0,2.0,8.0,16.0,32.0,16.0,64.0,4.0,8.0,2.0,1.0,0.0,572.0
0.0,0.0,0.0,0.0,4.0,8.0,2.0,2.0,8.0,16.0,32.0,16.0,64.0,4.0,8.0,2.0,0.0,0.0,572.0
4.0,8.0,2.0,2.0,8.0,16.0,32.0,16.0,64.0,4.0,8.0,2.0,0.0,0.0,0.0,2.0,2.0,1.0,576.0
4.0,8.0,4.0,0.0,8.0,16.0,32.0,16.0,64.0,4.0,8.0,2.0,2.0,0.0,2.0,0.0,3.0,1.0,580.0
0.0,4.0,8.0,4.0,8.0,16.0,32.0,16.0,64.0,4.0,8.0,2.0,0.0,4.0,0.0,4.0,2.0,1.0,588.0
4.0,8.0,4.0,0.0,8.0,16.0,32.0,16.0,64.0,4.0,8.0,2.0,8.0,0.0,0.0,4.0,2.0,0.0,588.0
4.0,8.0,4.0,0.0,8.0,16.0,32.0,16.0,64.0,4.0,8.0,2.0,8.0,4.0,2.0,0.0,1.0,1.0,596.0
4.0,0.0,4.0,0.0,8.0,8.0,32.0,4.0,64.0,16.0,8.0,16.0,8.0,8.0,2.0,2.0,1.0,0.0,596.0
4.0,0.0,4.0,0.0,8.0,8.0,32.0,4.0,64.0,16.0,8.0,16.0,8.0,8.0,2.0,2.0,1.0,0.0,596.0
4.0,0.0,4.0,0.0,8.0,8.0,32.0,4.0,64.0,16.0,8.0,16.0,8.0,8.0,2.0,2.0,2.0,1.0,640.0
8.0,0.0,0.0,2.0,16.0,32.0,4.0,0.0,64.0,16.0,8.0,16.0,16.0,4.0,0.0,0.0,1.0,0.0,640.0
8.0,0.0,0.0,0.0,16.0,32.0,0.0,2.0,64.0,16.0,4.0,2.0,16.0,4.0,8.0,16.0,1.0,1.0,644.0
8.0,2.0,0.0,0.0,16.0,32.0,0.0,0.0,64.0,16.0,4.0,4.0,16.0,4.0,8.0,16.0,1.0,0.0,644.0
8.0,2.0,0.0,0.0,16.0,32.0,0.0,0.0,64.0,16.0,4.0,4.0,16.0,4.0,8.0,16.0,1.0,0.0,644.0
8.0,2.0,0.0,0.0,16.0,32.0,0.0,0.0,64.0,16.0,4.0,4.0,16.0,4.0,8.0,16.0,2.0,1.0,652.0
8.0,2.0,2.0,0.0,16.0,32.0,0.0,0.0,64.0,16.0,8.0,0.0,16.0,4.0,8.0,16.0,1.0,1.0,668.0
8.0,2.0,0.0,0.0,16.0,32.0,2.0,0.0,64.0,16.0,2.0,0.0,16.0,4.0,16.0,16.0,1.0,1.0,672.0
8.0,2.0,0.0,0.0,16.0,32.0,0.0,2.0,64.0,16.0,4.0,0.0,16.0,4.0,16.0,16.0,1.0,0.0,672.0
8.0,2.0,0.0,0.0,16.0,32.0,0.0,2.0,64.0,16.0,4.0,2.0,16.0,4.0,16.0,16.0,1.0,1.0,676.0
8.0,2.0,0.0,0.0,16.0,32.0,0.0,2.0,64.0,16.0,4.0,4.0,16.0,4.0,16.0,16.0,1.0,0.0,676.0
8.0,2.0,0.0,0.0,16.0,32.0,0.0,2.0,64.0,16.0,4.0,4.0,16.0,4.0,16.0,16.0,1.0,0.0,676.0
8.0,2.0,0.0,0.0,16.0,32.0,0.0,2.0,64.0,16.0,4.0,4.0,16.0,4.0,16.0,16.0,0.0,0.0,676.0
8.0,2.0,4.0,2.0,16.0,32.0,16.0,4.0,64.0,16.0,4.0,16.0,16.0,4.0,0.0,0.0,1.0,0.0,676.0
8.0,2.0,0.0,2.0,16.0,32.0,4.0,2.0,64.0,16.0,16.0,4.0,16.0,4.0,4.0,16.0,1.0,1.0,680.0
8.0,2.0,0.0,2.0,16.0,32.0,4.0,4.0,64.0,16.0,16.0,4.0,16.0,4.0,4.0,16.0,1.0,1.0,688.0
8.0,2.0,2.0,0.0,16.0,32.0,4.0,2.0,64.0,16.0,16.0,8.0,16.0,4.0,4.0,16.0,1.0,0.0,688.0
8.0,2.0,2.0,0.0,16.0,32.0,4.0,2.0,64.0,16.0,16.0,8.0,16.0,4.0,4.0,16.0,1.0,0.0,688.0
8.0,2.0,2.0,0.0,16.0,32.0,4.0,2.0,64.0,16.0,16.0,8.0,16.0,4.0,4.0,16.0,3.0,1.0,732.0
0.0,0.0,8.0,4.0,16.0,32.0,4.0,2.0,0.0,64.0,32.0,8.0,2.0,16.0,8.0,16.0,1.0,0.0,732.0
0.0,4.0,8.0,4.0,0.0,32.0,4.0,2.0,16.0,64.0,32.0,8.0,2.0,16.0,8.0,16.0,1.0,0.0,732.0
0.0,4.0,8.0,4.0,0.0,32.0,4.0,2.0,16.0,64.0,32.0,8.0,2.0,16.0,8.0,16.0,3.0,0.0,732.0
0.0,4.0,8.0,4.0,0.0,32.0,4.0,2.0,16.0,64.0,32.0,8.0,2.0,16.0,8.0,16.0,3.0,0.0,732.0
0.0,4.0,8.0,4.0,0.0,32.0,4.0,2.0,16.0,64.0,32.0,8.0,2.0,16.0,8.0,16.0,2.0,0.0,732.0
4.0,8.0,4.0,2.0,32.0,4.0,2.0,0.0,16.0,64.0,32.0,8.0,2.0,16.0,8.0,16.0,2.0,0.0,732.0
4.0,8.0,4.0,2.0,32.0,4.0,2.0,0.0,16.0,64.0,32.0,8.0,2.0,16.0,8.0,16.0,1.0,0.0,732.0
4.0,8.0,4.0,2.0,32.0,4.0,2.0,2.0,16.0,64.0,32.0,8.0,2.0,16.0,8.0,16.0,1.0,1.0,736.0
4.0,8.0,4.0,2.0,32.0,4.0,2.0,4.0,16.0,64.0,32.0,8.0,2.0,16.0,8.0,16.0,1.0,0.0,736.0
4.0,8.0,4.0,2.0,32.0,4.0,2.0,4.0,16.0,64.0,32.0,8.0,2.0,16.0,8.0,16.0,1.0,0.0,736.0
2.0,0.0,736.0,,,,,,,,,,,,,,,,
2.0,0.0,736.0,,,,,,,,,,,,,,,,
